Pokédex Number,Pokémon Name,Types,Image URL
0001,Bulbasaur,"Grass, Poison",https://img.pokemondb.net/sprites/home/normal/2x/bulbasaur.jpg
0002,Ivysaur,"Grass, Poison",https://img.pokemondb.net/sprites/home/normal/2x/ivysaur.jpg
0003,Venusaur,"Grass, Poison",https://img.pokemondb.net/sprites/home/normal/2x/venusaur.jpg
0004,Charmander,Fire,https://img.pokemondb.net/sprites/home/normal/2x/charmander.jpg
0005,Charmeleon,Fire,https://img.pokemondb.net/sprites/home/normal/2x/charmeleon.jpg
0006,Charizard,"Fire, Flying",https://img.pokemondb.net/sprites/home/normal/2x/charizard.jpg
0007,Squirtle,Water,https://img.pokemondb.net/sprites/home/normal/2x/squirtle.jpg
0008,Wartortle,Water,https://img.pokemondb.net/sprites/home/normal/2x/wartortle.jpg
0009,Blastoise,Water,https://img.pokemondb.net/sprites/home/normal/2x/blastoise.jpg
0010,Caterpie,Bug,https://img.pokemondb.net/sprites/home/normal/2x/caterpie.jpg
0011,Metapod,Bug,https://img.pokemondb.net/sprites/home/normal/2x/metapod.jpg
0012,Butterfree,"Bug, Flying",https://img.pokemondb.net/sprites/home/normal/2x/butterfree.jpg
0013,Weedle,"Bug, Poison",https://img.pokemondb.net/sprites/home/normal/2x/weedle.jpg
0014,Kakuna,"Bug, Poison",https://img.pokemondb.net/sprites/home/normal/2x/kakuna.jpg
0015,Beedrill,"Bug, Poison",https://img.pokemondb.net/sprites/home/normal/2x/beedrill.jpg
0016,Pidgey,"Normal, Flying",https://img.pokemondb.net/sprites/home/normal/2x/pidgey.jpg
0017,Pidgeotto,"Normal, Flying",https://img.pokemondb.net/sprites/home/normal/2x/pidgeotto.jpg
0018,Pidgeot,"Normal, Flying",https://img.pokemondb.net/sprites/home/normal/2x/pidgeot.jpg
0019,Rattata,Normal,https://img.pokemondb.net/sprites/home/normal/2x/rattata.jpg
0020,Raticate,Normal,https://img.pokemondb.net/sprites/home/normal/2x/raticate.jpg
0021,Spearow,"Normal, Flying",https://img.pokemondb.net/sprites/home/normal/2x/spearow.jpg
0022,Fearow,"Normal, Flying",https://img.pokemondb.net/sprites/home/normal/2x/fearow.jpg
0023,Ekans,Poison,https://img.pokemondb.net/sprites/home/normal/2x/ekans.jpg
0024,Arbok,Poison,https://img.pokemondb.net/sprites/home/normal/2x/arbok.jpg
0025,Pikachu,Electric,https://img.pokemondb.net/sprites/home/normal/2x/pikachu.jpg
0026,Raichu,Electric,https://img.pokemondb.net/sprites/home/normal/2x/raichu.jpg
0027,Sandshrew,Ground,https://img.pokemondb.net/sprites/home/normal/2x/sandshrew.jpg
0028,Sandslash,Ground,https://img.pokemondb.net/sprites/home/normal/2x/sandslash.jpg
0029,Nidoran♀,Poison,https://img.pokemondb.net/sprites/home/normal/2x/nidoran-f.jpg
0030,Nidorina,Poison,https://img.pokemondb.net/sprites/home/normal/2x/nidorina.jpg
0031,Nidoqueen,"Poison, Ground",https://img.pokemondb.net/sprites/home/normal/2x/nidoqueen.jpg
0032,Nidoran♂,Poison,https://img.pokemondb.net/sprites/home/normal/2x/nidoran-m.jpg
0033,Nidorino,Poison,https://img.pokemondb.net/sprites/home/normal/2x/nidorino.jpg
0034,Nidoking,"Poison, Ground",https://img.pokemondb.net/sprites/home/normal/2x/nidoking.jpg
0035,Clefairy,Fairy,https://img.pokemondb.net/sprites/home/normal/2x/clefairy.jpg
0036,Clefable,Fairy,https://img.pokemondb.net/sprites/home/normal/2x/clefable.jpg
0037,Vulpix,Fire,https://img.pokemondb.net/sprites/home/normal/2x/vulpix.jpg
0038,Ninetales,Fire,https://img.pokemondb.net/sprites/home/normal/2x/ninetales.jpg
0039,Jigglypuff,"Normal, Fairy",https://img.pokemondb.net/sprites/home/normal/2x/jigglypuff.jpg
0040,Wigglytuff,"Normal, Fairy",https://img.pokemondb.net/sprites/home/normal/2x/wigglytuff.jpg
0041,Zubat,"Poison, Flying",https://img.pokemondb.net/sprites/home/normal/2x/zubat.jpg
0042,Golbat,"Poison, Flying",https://img.pokemondb.net/sprites/home/normal/2x/golbat.jpg
0043,Oddish,"Grass, Poison",https://img.pokemondb.net/sprites/home/normal/2x/oddish.jpg
0044,Gloom,"Grass, Poison",https://img.pokemondb.net/sprites/home/normal/2x/gloom.jpg
0045,Vileplume,"Grass, Poison",https://img.pokemondb.net/sprites/home/normal/2x/vileplume.jpg
0046,Paras,"Bug, Grass",https://img.pokemondb.net/sprites/home/normal/2x/paras.jpg
0047,Parasect,"Bug, Grass",https://img.pokemondb.net/sprites/home/normal/2x/parasect.jpg
0048,Venonat,"Bug, Poison",https://img.pokemondb.net/sprites/home/normal/2x/venonat.jpg
0049,Venomoth,"Bug, Poison",https://img.pokemondb.net/sprites/home/normal/2x/venomoth.jpg
0050,Diglett,Ground,https://img.pokemondb.net/sprites/home/normal/2x/diglett.jpg
0051,Dugtrio,Ground,https://img.pokemondb.net/sprites/home/normal/2x/dugtrio.jpg
0052,Meowth,Normal,https://img.pokemondb.net/sprites/home/normal/2x/meowth.jpg
0053,Persian,Normal,https://img.pokemondb.net/sprites/home/normal/2x/persian.jpg
0054,Psyduck,Water,https://img.pokemondb.net/sprites/home/normal/2x/psyduck.jpg
0055,Golduck,Water,https://img.pokemondb.net/sprites/home/normal/2x/golduck.jpg
0056,Mankey,Fighting,https://img.pokemondb.net/sprites/home/normal/2x/mankey.jpg
0057,Primeape,Fighting,https://img.pokemondb.net/sprites/home/normal/2x/primeape.jpg
0058,Growlithe,Fire,https://img.pokemondb.net/sprites/home/normal/2x/growlithe.jpg
0059,Arcanine,Fire,https://img.pokemondb.net/sprites/home/normal/2x/arcanine.jpg
0060,Poliwag,Water,https://img.pokemondb.net/sprites/home/normal/2x/poliwag.jpg
0061,Poliwhirl,Water,https://img.pokemondb.net/sprites/home/normal/2x/poliwhirl.jpg
0062,Poliwrath,"Water, Fighting",https://img.pokemondb.net/sprites/home/normal/2x/poliwrath.jpg
0063,Abra,Psychic,https://img.pokemondb.net/sprites/home/normal/2x/abra.jpg
0064,Kadabra,Psychic,https://img.pokemondb.net/sprites/home/normal/2x/kadabra.jpg
0065,Alakazam,Psychic,https://img.pokemondb.net/sprites/home/normal/2x/alakazam.jpg
0066,Machop,Fighting,https://img.pokemondb.net/sprites/home/normal/2x/machop.jpg
0067,Machoke,Fighting,https://img.pokemondb.net/sprites/home/normal/2x/machoke.jpg
0068,Machamp,Fighting,https://img.pokemondb.net/sprites/home/normal/2x/machamp.jpg
0069,Bellsprout,"Grass, Poison",https://img.pokemondb.net/sprites/home/normal/2x/bellsprout.jpg
0070,Weepinbell,"Grass, Poison",https://img.pokemondb.net/sprites/home/normal/2x/weepinbell.jpg
0071,Victreebel,"Grass, Poison",https://img.pokemondb.net/sprites/home/normal/2x/victreebel.jpg
0072,Tentacool,"Water, Poison",https://img.pokemondb.net/sprites/home/normal/2x/tentacool.jpg
0073,Tentacruel,"Water, Poison",https://img.pokemondb.net/sprites/home/normal/2x/tentacruel.jpg
0074,Geodude,"Rock, Ground",https://img.pokemondb.net/sprites/home/normal/2x/geodude.jpg
0075,Graveler,"Rock, Ground",https://img.pokemondb.net/sprites/home/normal/2x/graveler.jpg
0076,Golem,"Rock, Ground",https://img.pokemondb.net/sprites/home/normal/2x/golem.jpg
0077,Ponyta,Fire,https://img.pokemondb.net/sprites/home/normal/2x/ponyta.jpg
0078,Rapidash,Fire,https://img.pokemondb.net/sprites/home/normal/2x/rapidash.jpg
0079,Slowpoke,"Water, Psychic",https://img.pokemondb.net/sprites/home/normal/2x/slowpoke.jpg
0080,Slowbro,"Water, Psychic",https://img.pokemondb.net/sprites/home/normal/2x/slowbro.jpg
0081,Magnemite,"Electric, Steel",https://img.pokemondb.net/sprites/home/normal/2x/magnemite.jpg
0082,Magneton,"Electric, Steel",https://img.pokemondb.net/sprites/home/normal/2x/magneton.jpg
0083,Farfetch'd,"Normal, Flying",https://img.pokemondb.net/sprites/home/normal/2x/farfetchd.jpg
0084,Doduo,"Normal, Flying",https://img.pokemondb.net/sprites/home/normal/2x/doduo.jpg
0085,Dodrio,"Normal, Flying",https://img.pokemondb.net/sprites/home/normal/2x/dodrio.jpg
0086,Seel,Water,https://img.pokemondb.net/sprites/home/normal/2x/seel.jpg
0087,Dewgong,"Water, Ice",https://img.pokemondb.net/sprites/home/normal/2x/dewgong.jpg
0088,Grimer,Poison,https://img.pokemondb.net/sprites/home/normal/2x/grimer.jpg
0089,Muk,Poison,https://img.pokemondb.net/sprites/home/normal/2x/muk.jpg
0090,Shellder,Water,https://img.pokemondb.net/sprites/home/normal/2x/shellder.jpg
0091,Cloyster,"Water, Ice",https://img.pokemondb.net/sprites/home/normal/2x/cloyster.jpg
0092,Gastly,"Ghost, Poison",https://img.pokemondb.net/sprites/home/normal/2x/gastly.jpg
0093,Haunter,"Ghost, Poison",https://img.pokemondb.net/sprites/home/normal/2x/haunter.jpg
0094,Gengar,"Ghost, Poison",https://img.pokemondb.net/sprites/home/normal/2x/gengar.jpg
0095,Onix,"Rock, Ground",https://img.pokemondb.net/sprites/home/normal/2x/onix.jpg
0096,Drowzee,Psychic,https://img.pokemondb.net/sprites/home/normal/2x/drowzee.jpg
0097,Hypno,Psychic,https://img.pokemondb.net/sprites/home/normal/2x/hypno.jpg
0098,Krabby,Water,https://img.pokemondb.net/sprites/home/normal/2x/krabby.jpg
0099,Kingler,Water,https://img.pokemondb.net/sprites/home/normal/2x/kingler.jpg
0100,Voltorb,Electric,https://img.pokemondb.net/sprites/home/normal/2x/voltorb.jpg
0101,Electrode,Electric,https://img.pokemondb.net/sprites/home/normal/2x/electrode.jpg
0102,Exeggcute,"Grass, Psychic",https://img.pokemondb.net/sprites/home/normal/2x/exeggcute.jpg
0103,Exeggutor,"Grass, Psychic",https://img.pokemondb.net/sprites/home/normal/2x/exeggutor.jpg
0104,Cubone,Ground,https://img.pokemondb.net/sprites/home/normal/2x/cubone.jpg
0105,Marowak,Ground,https://img.pokemondb.net/sprites/home/normal/2x/marowak.jpg
0106,Hitmonlee,Fighting,https://img.pokemondb.net/sprites/home/normal/2x/hitmonlee.jpg
0107,Hitmonchan,Fighting,https://img.pokemondb.net/sprites/home/normal/2x/hitmonchan.jpg
0108,Lickitung,Normal,https://img.pokemondb.net/sprites/home/normal/2x/lickitung.jpg
0109,Koffing,Poison,https://img.pokemondb.net/sprites/home/normal/2x/koffing.jpg
0110,Weezing,Poison,https://img.pokemondb.net/sprites/home/normal/2x/weezing.jpg
0111,Rhyhorn,"Ground, Rock",https://img.pokemondb.net/sprites/home/normal/2x/rhyhorn.jpg
0112,Rhydon,"Ground, Rock",https://img.pokemondb.net/sprites/home/normal/2x/rhydon.jpg
0113,Chansey,Normal,https://img.pokemondb.net/sprites/home/normal/2x/chansey.jpg
0114,Tangela,Grass,https://img.pokemondb.net/sprites/home/normal/2x/tangela.jpg
0115,Kangaskhan,Normal,https://img.pokemondb.net/sprites/home/normal/2x/kangaskhan.jpg
0116,Horsea,Water,https://img.pokemondb.net/sprites/home/normal/2x/horsea.jpg
0117,Seadra,Water,https://img.pokemondb.net/sprites/home/normal/2x/seadra.jpg
0118,Goldeen,Water,https://img.pokemondb.net/sprites/home/normal/2x/goldeen.jpg
0119,Seaking,Water,https://img.pokemondb.net/sprites/home/normal/2x/seaking.jpg
0120,Staryu,Water,https://img.pokemondb.net/sprites/home/normal/2x/staryu.jpg
0121,Starmie,"Water, Psychic",https://img.pokemondb.net/sprites/home/normal/2x/starmie.jpg
0122,Mr. Mime,"Psychic, Fairy",https://img.pokemondb.net/sprites/home/normal/2x/mr-mime.jpg
0123,Scyther,"Bug, Flying",https://img.pokemondb.net/sprites/home/normal/2x/scyther.jpg
0124,Jynx,"Ice, Psychic",https://img.pokemondb.net/sprites/home/normal/2x/jynx.jpg
0125,Electabuzz,Electric,https://img.pokemondb.net/sprites/home/normal/2x/electabuzz.jpg
0126,Magmar,Fire,https://img.pokemondb.net/sprites/home/normal/2x/magmar.jpg
0127,Pinsir,Bug,https://img.pokemondb.net/sprites/home/normal/2x/pinsir.jpg
0128,Tauros,Normal,https://img.pokemondb.net/sprites/home/normal/2x/tauros.jpg
0129,Magikarp,Water,https://img.pokemondb.net/sprites/home/normal/2x/magikarp.jpg
0130,Gyarados,"Water, Flying",https://img.pokemondb.net/sprites/home/normal/2x/gyarados.jpg
0131,Lapras,"Water, Ice",https://img.pokemondb.net/sprites/home/normal/2x/lapras.jpg
0132,Ditto,Normal,https://img.pokemondb.net/sprites/home/normal/2x/ditto.jpg
0133,Eevee,Normal,https://img.pokemondb.net/sprites/home/normal/2x/eevee.jpg
0134,Vaporeon,Water,https://img.pokemondb.net/sprites/home/normal/2x/vaporeon.jpg
0135,Jolteon,Electric,https://img.pokemondb.net/sprites/home/normal/2x/jolteon.jpg
0136,Flareon,Fire,https://img.pokemondb.net/sprites/home/normal/2x/flareon.jpg
0137,Porygon,Normal,https://img.pokemondb.net/sprites/home/normal/2x/porygon.jpg
0138,Omanyte,"Rock, Water",https://img.pokemondb.net/sprites/home/normal/2x/omanyte.jpg
0139,Omastar,"Rock, Water",https://img.pokemondb.net/sprites/home/normal/2x/omastar.jpg
0140,Kabuto,"Rock, Water",https://img.pokemondb.net/sprites/home/normal/2x/kabuto.jpg
0141,Kabutops,"Rock, Water",https://img.pokemondb.net/sprites/home/normal/2x/kabutops.jpg
0142,Aerodactyl,"Rock, Flying",https://img.pokemondb.net/sprites/home/normal/2x/aerodactyl.jpg
0143,Snorlax,Normal,https://img.pokemondb.net/sprites/home/normal/2x/snorlax.jpg
0144,Articuno,"Ice, Flying",https://img.pokemondb.net/sprites/home/normal/2x/articuno.jpg
0145,Zapdos,"Electric, Flying",https://img.pokemondb.net/sprites/home/normal/2x/zapdos.jpg
0146,Moltres,"Fire, Flying",https://img.pokemondb.net/sprites/home/normal/2x/moltres.jpg
0147,Dratini,Dragon,https://img.pokemondb.net/sprites/home/normal/2x/dratini.jpg
0148,Dragonair,Dragon,https://img.pokemondb.net/sprites/home/normal/2x/dragonair.jpg
0149,Dragonite,"Dragon, Flying",https://img.pokemondb.net/sprites/home/normal/2x/dragonite.jpg
0150,Mewtwo,Psychic,https://img.pokemondb.net/sprites/home/normal/2x/mewtwo.jpg
0151,Mew,Psychic,https://img.pokemondb.net/sprites/home/normal/2x/mew.jpg
0152,Chikorita,Grass,https://img.pokemondb.net/sprites/home/normal/2x/chikorita.jpg
0153,Bayleef,Grass,https://img.pokemondb.net/sprites/home/normal/2x/bayleef.jpg
0154,Meganium,Grass,https://img.pokemondb.net/sprites/home/normal/2x/meganium.jpg
0155,Cyndaquil,Fire,https://img.pokemondb.net/sprites/home/normal/2x/cyndaquil.jpg
0156,Quilava,Fire,https://img.pokemondb.net/sprites/home/normal/2x/quilava.jpg
0157,Typhlosion,Fire,https://img.pokemondb.net/sprites/home/normal/2x/typhlosion.jpg
0158,Totodile,Water,https://img.pokemondb.net/sprites/home/normal/2x/totodile.jpg
0159,Croconaw,Water,https://img.pokemondb.net/sprites/home/normal/2x/croconaw.jpg
0160,Feraligatr,Water,https://img.pokemondb.net/sprites/home/normal/2x/feraligatr.jpg
0161,Sentret,Normal,https://img.pokemondb.net/sprites/home/normal/2x/sentret.jpg
0162,Furret,Normal,https://img.pokemondb.net/sprites/home/normal/2x/furret.jpg
0163,Hoothoot,"Normal, Flying",https://img.pokemondb.net/sprites/home/normal/2x/hoothoot.jpg
0164,Noctowl,"Normal, Flying",https://img.pokemondb.net/sprites/home/normal/2x/noctowl.jpg
0165,Ledyba,"Bug, Flying",https://img.pokemondb.net/sprites/home/normal/2x/ledyba.jpg
0166,Ledian,"Bug, Flying",https://img.pokemondb.net/sprites/home/normal/2x/ledian.jpg
0167,Spinarak,"Bug, Poison",https://img.pokemondb.net/sprites/home/normal/2x/spinarak.jpg
0168,Ariados,"Bug, Poison",https://img.pokemondb.net/sprites/home/normal/2x/ariados.jpg
0169,Crobat,"Poison, Flying",https://img.pokemondb.net/sprites/home/normal/2x/crobat.jpg
0170,Chinchou,"Water, Electric",https://img.pokemondb.net/sprites/home/normal/2x/chinchou.jpg
0171,Lanturn,"Water, Electric",https://img.pokemondb.net/sprites/home/normal/2x/lanturn.jpg
0172,Pichu,Electric,https://img.pokemondb.net/sprites/home/normal/2x/pichu.jpg
0173,Cleffa,Fairy,https://img.pokemondb.net/sprites/home/normal/2x/cleffa.jpg
0174,Igglybuff,"Normal, Fairy",https://img.pokemondb.net/sprites/home/normal/2x/igglybuff.jpg
0175,Togepi,Fairy,https://img.pokemondb.net/sprites/home/normal/2x/togepi.jpg
0176,Togetic,"Fairy, Flying",https://img.pokemondb.net/sprites/home/normal/2x/togetic.jpg
0177,Natu,"Psychic, Flying",https://img.pokemondb.net/sprites/home/normal/2x/natu.jpg
0178,Xatu,"Psychic, Flying",https://img.pokemondb.net/sprites/home/normal/2x/xatu.jpg
0179,Mareep,Electric,https://img.pokemondb.net/sprites/home/normal/2x/mareep.jpg
0180,Flaaffy,Electric,https://img.pokemondb.net/sprites/home/normal/2x/flaaffy.jpg
0181,Ampharos,Electric,https://img.pokemondb.net/sprites/home/normal/2x/ampharos.jpg
0182,Bellossom,Grass,https://img.pokemondb.net/sprites/home/normal/2x/bellossom.jpg
0183,Marill,"Water, Fairy",https://img.pokemondb.net/sprites/home/normal/2x/marill.jpg
0184,Azumarill,"Water, Fairy",https://img.pokemondb.net/sprites/home/normal/2x/azumarill.jpg
0185,Sudowoodo,Rock,https://img.pokemondb.net/sprites/home/normal/2x/sudowoodo.jpg
0186,Politoed,Water,https://img.pokemondb.net/sprites/home/normal/2x/politoed.jpg
0187,Hoppip,"Grass, Flying",https://img.pokemondb.net/sprites/home/normal/2x/hoppip.jpg
0188,Skiploom,"Grass, Flying",https://img.pokemondb.net/sprites/home/normal/2x/skiploom.jpg
0189,Jumpluff,"Grass, Flying",https://img.pokemondb.net/sprites/home/normal/2x/jumpluff.jpg
0190,Aipom,Normal,https://img.pokemondb.net/sprites/home/normal/2x/aipom.jpg
0191,Sunkern,Grass,https://img.pokemondb.net/sprites/home/normal/2x/sunkern.jpg
0192,Sunflora,Grass,https://img.pokemondb.net/sprites/home/normal/2x/sunflora.jpg
0193,Yanma,"Bug, Flying",https://img.pokemondb.net/sprites/home/normal/2x/yanma.jpg
0194,Wooper,"Water, Ground",https://img.pokemondb.net/sprites/home/normal/2x/wooper.jpg
0195,Quagsire,"Water, Ground",https://img.pokemondb.net/sprites/home/normal/2x/quagsire.jpg
0196,Espeon,Psychic,https://img.pokemondb.net/sprites/home/normal/2x/espeon.jpg
0197,Umbreon,Dark,https://img.pokemondb.net/sprites/home/normal/2x/umbreon.jpg
0198,Murkrow,"Dark, Flying",https://img.pokemondb.net/sprites/home/normal/2x/murkrow.jpg
0199,Slowking,"Water, Psychic",https://img.pokemondb.net/sprites/home/normal/2x/slowking.jpg
0200,Misdreavus,Ghost,https://img.pokemondb.net/sprites/home/normal/2x/misdreavus.jpg
0201,Unown,Psychic,https://img.pokemondb.net/sprites/home/normal/2x/unown.jpg
0202,Wobbuffet,Psychic,https://img.pokemondb.net/sprites/home/normal/2x/wobbuffet.jpg
0203,Girafarig,"Normal, Psychic",https://img.pokemondb.net/sprites/home/normal/2x/girafarig.jpg
0204,Pineco,Bug,https://img.pokemondb.net/sprites/home/normal/2x/pineco.jpg
0205,Forretress,"Bug, Steel",https://img.pokemondb.net/sprites/home/normal/2x/forretress.jpg
0206,Dunsparce,Normal,https://img.pokemondb.net/sprites/home/normal/2x/dunsparce.jpg
0207,Gligar,"Ground, Flying",https://img.pokemondb.net/sprites/home/normal/2x/gligar.jpg
0208,Steelix,"Steel, Ground",https://img.pokemondb.net/sprites/home/normal/2x/steelix.jpg
0209,Snubbull,Fairy,https://img.pokemondb.net/sprites/home/normal/2x/snubbull.jpg
0210,Granbull,Fairy,https://img.pokemondb.net/sprites/home/normal/2x/granbull.jpg
0211,Qwilfish,"Water, Poison",https://img.pokemondb.net/sprites/home/normal/2x/qwilfish.jpg
0212,Scizor,"Bug, Steel",https://img.pokemondb.net/sprites/home/normal/2x/scizor.jpg
0213,Shuckle,"Bug, Rock",https://img.pokemondb.net/sprites/home/normal/2x/shuckle.jpg
0214,Heracross,"Bug, Fighting",https://img.pokemondb.net/sprites/home/normal/2x/heracross.jpg
0215,Sneasel,"Dark, Ice",https://img.pokemondb.net/sprites/home/normal/2x/sneasel.jpg
0216,Teddiursa,Normal,https://img.pokemondb.net/sprites/home/normal/2x/teddiursa.jpg
0217,Ursaring,Normal,https://img.pokemondb.net/sprites/home/normal/2x/ursaring.jpg
0218,Slugma,Fire,https://img.pokemondb.net/sprites/home/normal/2x/slugma.jpg
0219,Magcargo,"Fire, Rock",https://img.pokemondb.net/sprites/home/normal/2x/magcargo.jpg
0220,Swinub,"Ice, Ground",https://img.pokemondb.net/sprites/home/normal/2x/swinub.jpg
0221,Piloswine,"Ice, Ground",https://img.pokemondb.net/sprites/home/normal/2x/piloswine.jpg
0222,Corsola,"Water, Rock",https://img.pokemondb.net/sprites/home/normal/2x/corsola.jpg
0223,Remoraid,Water,https://img.pokemondb.net/sprites/home/normal/2x/remoraid.jpg
0224,Octillery,Water,https://img.pokemondb.net/sprites/home/normal/2x/octillery.jpg
0225,Delibird,"Ice, Flying",https://img.pokemondb.net/sprites/home/normal/2x/delibird.jpg
0226,Mantine,"Water, Flying",https://img.pokemondb.net/sprites/home/normal/2x/mantine.jpg
0227,Skarmory,"Steel, Flying",https://img.pokemondb.net/sprites/home/normal/2x/skarmory.jpg
0228,Houndour,"Dark, Fire",https://img.pokemondb.net/sprites/home/normal/2x/houndour.jpg
0229,Houndoom,"Dark, Fire",https://img.pokemondb.net/sprites/home/normal/2x/houndoom.jpg
0230,Kingdra,"Water, Dragon",https://img.pokemondb.net/sprites/home/normal/2x/kingdra.jpg
0231,Phanpy,Ground,https://img.pokemondb.net/sprites/home/normal/2x/phanpy.jpg
0232,Donphan,Ground,https://img.pokemondb.net/sprites/home/normal/2x/donphan.jpg
0233,Porygon2,Normal,https://img.pokemondb.net/sprites/home/normal/2x/porygon2.jpg
0234,Stantler,Normal,https://img.pokemondb.net/sprites/home/normal/2x/stantler.jpg
0235,Smeargle,Normal,https://img.pokemondb.net/sprites/home/normal/2x/smeargle.jpg
0236,Tyrogue,Fighting,https://img.pokemondb.net/sprites/home/normal/2x/tyrogue.jpg
0237,Hitmontop,Fighting,https://img.pokemondb.net/sprites/home/normal/2x/hitmontop.jpg
0238,Smoochum,"Ice, Psychic",https://img.pokemondb.net/sprites/home/normal/2x/smoochum.jpg
0239,Elekid,Electric,https://img.pokemondb.net/sprites/home/normal/2x/elekid.jpg
0240,Magby,Fire,https://img.pokemondb.net/sprites/home/normal/2x/magby.jpg
0241,Miltank,Normal,https://img.pokemondb.net/sprites/home/normal/2x/miltank.jpg
0242,Blissey,Normal,https://img.pokemondb.net/sprites/home/normal/2x/blissey.jpg
0243,Raikou,Electric,https://img.pokemondb.net/sprites/home/normal/2x/raikou.jpg
0244,Entei,Fire,https://img.pokemondb.net/sprites/home/normal/2x/entei.jpg
0245,Suicune,Water,https://img.pokemondb.net/sprites/home/normal/2x/suicune.jpg
0246,Larvitar,"Rock, Ground",https://img.pokemondb.net/sprites/home/normal/2x/larvitar.jpg
0247,Pupitar,"Rock, Ground",https://img.pokemondb.net/sprites/home/normal/2x/pupitar.jpg
0248,Tyranitar,"Rock, Dark",https://img.pokemondb.net/sprites/home/normal/2x/tyranitar.jpg
0249,Lugia,"Psychic, Flying",https://img.pokemondb.net/sprites/home/normal/2x/lugia.jpg
0250,Ho-oh,"Fire, Flying",https://img.pokemondb.net/sprites/home/normal/2x/ho-oh.jpg
0251,Celebi,"Psychic, Grass",https://img.pokemondb.net/sprites/home/normal/2x/celebi.jpg
0252,Treecko,Grass,https://img.pokemondb.net/sprites/home/normal/2x/treecko.jpg
0253,Grovyle,Grass,https://img.pokemondb.net/sprites/home/normal/2x/grovyle.jpg
0254,Sceptile,Grass,https://img.pokemondb.net/sprites/home/normal/2x/sceptile.jpg
0255,Torchic,Fire,https://img.pokemondb.net/sprites/home/normal/2x/torchic.jpg
0256,Combusken,"Fire, Fighting",https://img.pokemondb.net/sprites/home/normal/2x/combusken.jpg
0257,Blaziken,"Fire, Fighting",https://img.pokemondb.net/sprites/home/normal/2x/blaziken.jpg
0258,Mudkip,Water,https://img.pokemondb.net/sprites/home/normal/2x/mudkip.jpg
0259,Marshtomp,"Water, Ground",https://img.pokemondb.net/sprites/home/normal/2x/marshtomp.jpg
0260,Swampert,"Water, Ground",https://img.pokemondb.net/sprites/home/normal/2x/swampert.jpg
0261,Poochyena,Dark,https://img.pokemondb.net/sprites/home/normal/2x/poochyena.jpg
0262,Mightyena,Dark,https://img.pokemondb.net/sprites/home/normal/2x/mightyena.jpg
0263,Zigzagoon,Normal,https://img.pokemondb.net/sprites/home/normal/2x/zigzagoon.jpg
0264,Linoone,Normal,https://img.pokemondb.net/sprites/home/normal/2x/linoone.jpg
0265,Wurmple,Bug,https://img.pokemondb.net/sprites/home/normal/2x/wurmple.jpg
0266,Silcoon,Bug,https://img.pokemondb.net/sprites/home/normal/2x/silcoon.jpg
0267,Beautifly,"Bug, Flying",https://img.pokemondb.net/sprites/home/normal/2x/beautifly.jpg
0268,Cascoon,Bug,https://img.pokemondb.net/sprites/home/normal/2x/cascoon.jpg
0269,Dustox,"Bug, Poison",https://img.pokemondb.net/sprites/home/normal/2x/dustox.jpg
0270,Lotad,"Water, Grass",https://img.pokemondb.net/sprites/home/normal/2x/lotad.jpg
0271,Lombre,"Water, Grass",https://img.pokemondb.net/sprites/home/normal/2x/lombre.jpg
0272,Ludicolo,"Water, Grass",https://img.pokemondb.net/sprites/home/normal/2x/ludicolo.jpg
0273,Seedot,Grass,https://img.pokemondb.net/sprites/home/normal/2x/seedot.jpg
0274,Nuzleaf,"Grass, Dark",https://img.pokemondb.net/sprites/home/normal/2x/nuzleaf.jpg
0275,Shiftry,"Grass, Dark",https://img.pokemondb.net/sprites/home/normal/2x/shiftry.jpg
0276,Taillow,"Normal, Flying",https://img.pokemondb.net/sprites/home/normal/2x/taillow.jpg
0277,Swellow,"Normal, Flying",https://img.pokemondb.net/sprites/home/normal/2x/swellow.jpg
0278,Wingull,"Water, Flying",https://img.pokemondb.net/sprites/home/normal/2x/wingull.jpg
0279,Pelipper,"Water, Flying",https://img.pokemondb.net/sprites/home/normal/2x/pelipper.jpg
0280,Ralts,"Psychic, Fairy",https://img.pokemondb.net/sprites/home/normal/2x/ralts.jpg
0281,Kirlia,"Psychic, Fairy",https://img.pokemondb.net/sprites/home/normal/2x/kirlia.jpg
0282,Gardevoir,"Psychic, Fairy",https://img.pokemondb.net/sprites/home/normal/2x/gardevoir.jpg
0283,Surskit,"Bug, Water",https://img.pokemondb.net/sprites/home/normal/2x/surskit.jpg
0284,Masquerain,"Bug, Flying",https://img.pokemondb.net/sprites/home/normal/2x/masquerain.jpg
0285,Shroomish,Grass,https://img.pokemondb.net/sprites/home/normal/2x/shroomish.jpg
0286,Breloom,"Grass, Fighting",https://img.pokemondb.net/sprites/home/normal/2x/breloom.jpg
0287,Slakoth,Normal,https://img.pokemondb.net/sprites/home/normal/2x/slakoth.jpg
0288,Vigoroth,Normal,https://img.pokemondb.net/sprites/home/normal/2x/vigoroth.jpg
0289,Slaking,Normal,https://img.pokemondb.net/sprites/home/normal/2x/slaking.jpg
0290,Nincada,"Bug, Ground",https://img.pokemondb.net/sprites/home/normal/2x/nincada.jpg
0291,Ninjask,"Bug, Flying",https://img.pokemondb.net/sprites/home/normal/2x/ninjask.jpg
0292,Shedinja,"Bug, Ghost",https://img.pokemondb.net/sprites/home/normal/2x/shedinja.jpg
0293,Whismur,Normal,https://img.pokemondb.net/sprites/home/normal/2x/whismur.jpg
0294,Loudred,Normal,https://img.pokemondb.net/sprites/home/normal/2x/loudred.jpg
0295,Exploud,Normal,https://img.pokemondb.net/sprites/home/normal/2x/exploud.jpg
0296,Makuhita,Fighting,https://img.pokemondb.net/sprites/home/normal/2x/makuhita.jpg
0297,Hariyama,Fighting,https://img.pokemondb.net/sprites/home/normal/2x/hariyama.jpg
0298,Azurill,"Normal, Fairy",https://img.pokemondb.net/sprites/home/normal/2x/azurill.jpg
0299,Nosepass,Rock,https://img.pokemondb.net/sprites/home/normal/2x/nosepass.jpg
0300,Skitty,Normal,https://img.pokemondb.net/sprites/home/normal/2x/skitty.jpg
0301,Delcatty,Normal,https://img.pokemondb.net/sprites/home/normal/2x/delcatty.jpg
0302,Sableye,"Dark, Ghost",https://img.pokemondb.net/sprites/home/normal/2x/sableye.jpg
0303,Mawile,"Steel, Fairy",https://img.pokemondb.net/sprites/home/normal/2x/mawile.jpg
0304,Aron,"Steel, Rock",https://img.pokemondb.net/sprites/home/normal/2x/aron.jpg
0305,Lairon,"Steel, Rock",https://img.pokemondb.net/sprites/home/normal/2x/lairon.jpg
0306,Aggron,"Steel, Rock",https://img.pokemondb.net/sprites/home/normal/2x/aggron.jpg
0307,Meditite,"Fighting, Psychic",https://img.pokemondb.net/sprites/home/normal/2x/meditite.jpg
0308,Medicham,"Fighting, Psychic",https://img.pokemondb.net/sprites/home/normal/2x/medicham.jpg
0309,Electrike,Electric,https://img.pokemondb.net/sprites/home/normal/2x/electrike.jpg
0310,Manectric,Electric,https://img.pokemondb.net/sprites/home/normal/2x/manectric.jpg
0311,Plusle,Electric,https://img.pokemondb.net/sprites/home/normal/2x/plusle.jpg
0312,Minun,Electric,https://img.pokemondb.net/sprites/home/normal/2x/minun.jpg
0313,Volbeat,Bug,https://img.pokemondb.net/sprites/home/normal/2x/volbeat.jpg
0314,Illumise,Bug,https://img.pokemondb.net/sprites/home/normal/2x/illumise.jpg
0315,Roselia,"Grass, Poison",https://img.pokemondb.net/sprites/home/normal/2x/roselia.jpg
0316,Gulpin,Poison,https://img.pokemondb.net/sprites/home/normal/2x/gulpin.jpg
0317,Swalot,Poison,https://img.pokemondb.net/sprites/home/normal/2x/swalot.jpg
0318,Carvanha,"Water, Dark",https://img.pokemondb.net/sprites/home/normal/2x/carvanha.jpg
0319,Sharpedo,"Water, Dark",https://img.pokemondb.net/sprites/home/normal/2x/sharpedo.jpg
0320,Wailmer,Water,https://img.pokemondb.net/sprites/home/normal/2x/wailmer.jpg
0321,Wailord,Water,https://img.pokemondb.net/sprites/home/normal/2x/wailord.jpg
0322,Numel,"Fire, Ground",https://img.pokemondb.net/sprites/home/normal/2x/numel.jpg
0323,Camerupt,"Fire, Ground",https://img.pokemondb.net/sprites/home/normal/2x/camerupt.jpg
0324,Torkoal,Fire,https://img.pokemondb.net/sprites/home/normal/2x/torkoal.jpg
0325,Spoink,Psychic,https://img.pokemondb.net/sprites/home/normal/2x/spoink.jpg
0326,Grumpig,Psychic,https://img.pokemondb.net/sprites/home/normal/2x/grumpig.jpg
0327,Spinda,Normal,https://img.pokemondb.net/sprites/home/normal/2x/spinda.jpg
0328,Trapinch,Ground,https://img.pokemondb.net/sprites/home/normal/2x/trapinch.jpg
0329,Vibrava,"Ground, Dragon",https://img.pokemondb.net/sprites/home/normal/2x/vibrava.jpg
0330,Flygon,"Ground, Dragon",https://img.pokemondb.net/sprites/home/normal/2x/flygon.jpg
0331,Cacnea,Grass,https://img.pokemondb.net/sprites/home/normal/2x/cacnea.jpg
0332,Cacturne,"Grass, Dark",https://img.pokemondb.net/sprites/home/normal/2x/cacturne.jpg
0333,Swablu,"Normal, Flying",https://img.pokemondb.net/sprites/home/normal/2x/swablu.jpg
0334,Altaria,"Dragon, Flying",https://img.pokemondb.net/sprites/home/normal/2x/altaria.jpg
0335,Zangoose,Normal,https://img.pokemondb.net/sprites/home/normal/2x/zangoose.jpg
0336,Seviper,Poison,https://img.pokemondb.net/sprites/home/normal/2x/seviper.jpg
0337,Lunatone,"Rock, Psychic",https://img.pokemondb.net/sprites/home/normal/2x/lunatone.jpg
0338,Solrock,"Rock, Psychic",https://img.pokemondb.net/sprites/home/normal/2x/solrock.jpg
0339,Barboach,"Water, Ground",https://img.pokemondb.net/sprites/home/normal/2x/barboach.jpg
0340,Whiscash,"Water, Ground",https://img.pokemondb.net/sprites/home/normal/2x/whiscash.jpg
0341,Corphish,Water,https://img.pokemondb.net/sprites/home/normal/2x/corphish.jpg
0342,Crawdaunt,"Water, Dark",https://img.pokemondb.net/sprites/home/normal/2x/crawdaunt.jpg
0343,Baltoy,"Ground, Psychic",https://img.pokemondb.net/sprites/home/normal/2x/baltoy.jpg
0344,Claydol,"Ground, Psychic",https://img.pokemondb.net/sprites/home/normal/2x/claydol.jpg
0345,Lileep,"Rock, Grass",https://img.pokemondb.net/sprites/home/normal/2x/lileep.jpg
0346,Cradily,"Rock, Grass",https://img.pokemondb.net/sprites/home/normal/2x/cradily.jpg
0347,Anorith,"Rock, Bug",https://img.pokemondb.net/sprites/home/normal/2x/anorith.jpg
0348,Armaldo,"Rock, Bug",https://img.pokemondb.net/sprites/home/normal/2x/armaldo.jpg
0349,Feebas,Water,https://img.pokemondb.net/sprites/home/normal/2x/feebas.jpg
0350,Milotic,Water,https://img.pokemondb.net/sprites/home/normal/2x/milotic.jpg
0351,Castform,Normal,https://img.pokemondb.net/sprites/home/normal/2x/castform.jpg
0352,Kecleon,Normal,https://img.pokemondb.net/sprites/home/normal/2x/kecleon.jpg
0353,Shuppet,Ghost,https://img.pokemondb.net/sprites/home/normal/2x/shuppet.jpg
0354,Banette,Ghost,https://img.pokemondb.net/sprites/home/normal/2x/banette.jpg
0355,Duskull,Ghost,https://img.pokemondb.net/sprites/home/normal/2x/duskull.jpg
0356,Dusclops,Ghost,https://img.pokemondb.net/sprites/home/normal/2x/dusclops.jpg
0357,Tropius,"Grass, Flying",https://img.pokemondb.net/sprites/home/normal/2x/tropius.jpg
0358,Chimecho,Psychic,https://img.pokemondb.net/sprites/home/normal/2x/chimecho.jpg
0359,Absol,Dark,https://img.pokemondb.net/sprites/home/normal/2x/absol.jpg
0360,Wynaut,Psychic,https://img.pokemondb.net/sprites/home/normal/2x/wynaut.jpg
0361,Snorunt,Ice,https://img.pokemondb.net/sprites/home/normal/2x/snorunt.jpg
0362,Glalie,Ice,https://img.pokemondb.net/sprites/home/normal/2x/glalie.jpg
0363,Spheal,"Ice, Water",https://img.pokemondb.net/sprites/home/normal/2x/spheal.jpg
0364,Sealeo,"Ice, Water",https://img.pokemondb.net/sprites/home/normal/2x/sealeo.jpg
0365,Walrein,"Ice, Water",https://img.pokemondb.net/sprites/home/normal/2x/walrein.jpg
0366,Clamperl,Water,https://img.pokemondb.net/sprites/home/normal/2x/clamperl.jpg
0367,Huntail,Water,https://img.pokemondb.net/sprites/home/normal/2x/huntail.jpg
0368,Gorebyss,Water,https://img.pokemondb.net/sprites/home/normal/2x/gorebyss.jpg
0369,Relicanth,"Water, Rock",https://img.pokemondb.net/sprites/home/normal/2x/relicanth.jpg
0370,Luvdisc,Water,https://img.pokemondb.net/sprites/home/normal/2x/luvdisc.jpg
0371,Bagon,Dragon,https://img.pokemondb.net/sprites/home/normal/2x/bagon.jpg
0372,Shelgon,Dragon,https://img.pokemondb.net/sprites/home/normal/2x/shelgon.jpg
0373,Salamence,"Dragon, Flying",https://img.pokemondb.net/sprites/home/normal/2x/salamence.jpg
0374,Beldum,"Steel, Psychic",https://img.pokemondb.net/sprites/home/normal/2x/beldum.jpg
0375,Metang,"Steel, Psychic",https://img.pokemondb.net/sprites/home/normal/2x/metang.jpg
0376,Metagross,"Steel, Psychic",https://img.pokemondb.net/sprites/home/normal/2x/metagross.jpg
0377,Regirock,Rock,https://img.pokemondb.net/sprites/home/normal/2x/regirock.jpg
0378,Regice,Ice,https://img.pokemondb.net/sprites/home/normal/2x/regice.jpg
0379,Registeel,Steel,https://img.pokemondb.net/sprites/home/normal/2x/registeel.jpg
0380,Latias,"Dragon, Psychic",https://img.pokemondb.net/sprites/home/normal/2x/latias.jpg
0381,Latios,"Dragon, Psychic",https://img.pokemondb.net/sprites/home/normal/2x/latios.jpg
0382,Kyogre,Water,https://img.pokemondb.net/sprites/home/normal/2x/kyogre.jpg
0383,Groudon,Ground,https://img.pokemondb.net/sprites/home/normal/2x/groudon.jpg
0384,Rayquaza,"Dragon, Flying",https://img.pokemondb.net/sprites/home/normal/2x/rayquaza.jpg
0385,Jirachi,"Steel, Psychic",https://img.pokemondb.net/sprites/home/normal/2x/jirachi.jpg
0386,Deoxys,Psychic,https://img.pokemondb.net/sprites/home/normal/2x/deoxys.jpg
0387,Turtwig,Grass,https://img.pokemondb.net/sprites/home/normal/2x/turtwig.jpg
0388,Grotle,Grass,https://img.pokemondb.net/sprites/home/normal/2x/grotle.jpg
0389,Torterra,"Grass, Ground",https://img.pokemondb.net/sprites/home/normal/2x/torterra.jpg
0390,Chimchar,Fire,https://img.pokemondb.net/sprites/home/normal/2x/chimchar.jpg
0391,Monferno,"Fire, Fighting",https://img.pokemondb.net/sprites/home/normal/2x/monferno.jpg
0392,Infernape,"Fire, Fighting",https://img.pokemondb.net/sprites/home/normal/2x/infernape.jpg
0393,Piplup,Water,https://img.pokemondb.net/sprites/home/normal/2x/piplup.jpg
0394,Prinplup,Water,https://img.pokemondb.net/sprites/home/normal/2x/prinplup.jpg
0395,Empoleon,"Water, Steel",https://img.pokemondb.net/sprites/home/normal/2x/empoleon.jpg
0396,Starly,"Normal, Flying",https://img.pokemondb.net/sprites/home/normal/2x/starly.jpg
0397,Staravia,"Normal, Flying",https://img.pokemondb.net/sprites/home/normal/2x/staravia.jpg
0398,Staraptor,"Normal, Flying",https://img.pokemondb.net/sprites/home/normal/2x/staraptor.jpg
0399,Bidoof,Normal,https://img.pokemondb.net/sprites/home/normal/2x/bidoof.jpg
0400,Bibarel,"Normal, Water",https://img.pokemondb.net/sprites/home/normal/2x/bibarel.jpg
0401,Kricketot,Bug,https://img.pokemondb.net/sprites/home/normal/2x/kricketot.jpg
0402,Kricketune,Bug,https://img.pokemondb.net/sprites/home/normal/2x/kricketune.jpg
0403,Shinx,Electric,https://img.pokemondb.net/sprites/home/normal/2x/shinx.jpg
0404,Luxio,Electric,https://img.pokemondb.net/sprites/home/normal/2x/luxio.jpg
0405,Luxray,Electric,https://img.pokemondb.net/sprites/home/normal/2x/luxray.jpg
0406,Budew,"Grass, Poison",https://img.pokemondb.net/sprites/home/normal/2x/budew.jpg
0407,Roserade,"Grass, Poison",https://img.pokemondb.net/sprites/home/normal/2x/roserade.jpg
0408,Cranidos,Rock,https://img.pokemondb.net/sprites/home/normal/2x/cranidos.jpg
0409,Rampardos,Rock,https://img.pokemondb.net/sprites/home/normal/2x/rampardos.jpg
0410,Shieldon,"Rock, Steel",https://img.pokemondb.net/sprites/home/normal/2x/shieldon.jpg
0411,Bastiodon,"Rock, Steel",https://img.pokemondb.net/sprites/home/normal/2x/bastiodon.jpg
0412,Burmy,Bug,https://img.pokemondb.net/sprites/home/normal/2x/burmy.jpg
0413,Wormadam,"Bug, Grass",https://img.pokemondb.net/sprites/home/normal/2x/wormadam.jpg
0414,Mothim,"Bug, Flying",https://img.pokemondb.net/sprites/home/normal/2x/mothim.jpg
0415,Combee,"Bug, Flying",https://img.pokemondb.net/sprites/home/normal/2x/combee.jpg
0416,Vespiquen,"Bug, Flying",https://img.pokemondb.net/sprites/home/normal/2x/vespiquen.jpg
0417,Pachirisu,Electric,https://img.pokemondb.net/sprites/home/normal/2x/pachirisu.jpg
0418,Buizel,Water,https://img.pokemondb.net/sprites/home/normal/2x/buizel.jpg
0419,Floatzel,Water,https://img.pokemondb.net/sprites/home/normal/2x/floatzel.jpg
0420,Cherubi,Grass,https://img.pokemondb.net/sprites/home/normal/2x/cherubi.jpg
0421,Cherrim,Grass,https://img.pokemondb.net/sprites/home/normal/2x/cherrim.jpg
0422,Shellos,Water,https://img.pokemondb.net/sprites/home/normal/2x/shellos.jpg
0423,Gastrodon,"Water, Ground",https://img.pokemondb.net/sprites/home/normal/2x/gastrodon.jpg
0424,Ambipom,Normal,https://img.pokemondb.net/sprites/home/normal/2x/ambipom.jpg
0425,Drifloon,"Ghost, Flying",https://img.pokemondb.net/sprites/home/normal/2x/drifloon.jpg
0426,Drifblim,"Ghost, Flying",https://img.pokemondb.net/sprites/home/normal/2x/drifblim.jpg
0427,Buneary,Normal,https://img.pokemondb.net/sprites/home/normal/2x/buneary.jpg
0428,Lopunny,Normal,https://img.pokemondb.net/sprites/home/normal/2x/lopunny.jpg
0429,Mismagius,Ghost,https://img.pokemondb.net/sprites/home/normal/2x/mismagius.jpg
0430,Honchkrow,"Dark, Flying",https://img.pokemondb.net/sprites/home/normal/2x/honchkrow.jpg
0431,Glameow,Normal,https://img.pokemondb.net/sprites/home/normal/2x/glameow.jpg
0432,Purugly,Normal,https://img.pokemondb.net/sprites/home/normal/2x/purugly.jpg
0433,Chingling,Psychic,https://img.pokemondb.net/sprites/home/normal/2x/chingling.jpg
0434,Stunky,"Poison, Dark",https://img.pokemondb.net/sprites/home/normal/2x/stunky.jpg
0435,Skuntank,"Poison, Dark",https://img.pokemondb.net/sprites/home/normal/2x/skuntank.jpg
0436,Bronzor,"Steel, Psychic",https://img.pokemondb.net/sprites/home/normal/2x/bronzor.jpg
0437,Bronzong,"Steel, Psychic",https://img.pokemondb.net/sprites/home/normal/2x/bronzong.jpg
0438,Bonsly,Rock,https://img.pokemondb.net/sprites/home/normal/2x/bonsly.jpg
0439,Mime Jr.,"Psychic, Fairy",https://img.pokemondb.net/sprites/home/normal/2x/mime-jr.jpg
0440,Happiny,Normal,https://img.pokemondb.net/sprites/home/normal/2x/happiny.jpg
0441,Chatot,"Normal, Flying",https://img.pokemondb.net/sprites/home/normal/2x/chatot.jpg
0442,Spiritomb,"Ghost, Dark",https://img.pokemondb.net/sprites/home/normal/2x/spiritomb.jpg
0443,Gible,"Dragon, Ground",https://img.pokemondb.net/sprites/home/normal/2x/gible.jpg
0444,Gabite,"Dragon, Ground",https://img.pokemondb.net/sprites/home/normal/2x/gabite.jpg
0445,Garchomp,"Dragon, Ground",https://img.pokemondb.net/sprites/home/normal/2x/garchomp.jpg
0446,Munchlax,Normal,https://img.pokemondb.net/sprites/home/normal/2x/munchlax.jpg
0447,Riolu,Fighting,https://img.pokemondb.net/sprites/home/normal/2x/riolu.jpg
0448,Lucario,"Fighting, Steel",https://img.pokemondb.net/sprites/home/normal/2x/lucario.jpg
0449,Hippopotas,Ground,https://img.pokemondb.net/sprites/home/normal/2x/hippopotas.jpg
0450,Hippowdon,Ground,https://img.pokemondb.net/sprites/home/normal/2x/hippowdon.jpg
0451,Skorupi,"Poison, Bug",https://img.pokemondb.net/sprites/home/normal/2x/skorupi.jpg
0452,Drapion,"Poison, Dark",https://img.pokemondb.net/sprites/home/normal/2x/drapion.jpg
0453,Croagunk,"Poison, Fighting",https://img.pokemondb.net/sprites/home/normal/2x/croagunk.jpg
0454,Toxicroak,"Poison, Fighting",https://img.pokemondb.net/sprites/home/normal/2x/toxicroak.jpg
0455,Carnivine,Grass,https://img.pokemondb.net/sprites/home/normal/2x/carnivine.jpg
0456,Finneon,Water,https://img.pokemondb.net/sprites/home/normal/2x/finneon.jpg
0457,Lumineon,Water,https://img.pokemondb.net/sprites/home/normal/2x/lumineon.jpg
0458,Mantyke,"Water, Flying",https://img.pokemondb.net/sprites/home/normal/2x/mantyke.jpg
0459,Snover,"Grass, Ice",https://img.pokemondb.net/sprites/home/normal/2x/snover.jpg
0460,Abomasnow,"Grass, Ice",https://img.pokemondb.net/sprites/home/normal/2x/abomasnow.jpg
0461,Weavile,"Dark, Ice",https://img.pokemondb.net/sprites/home/normal/2x/weavile.jpg
0462,Magnezone,"Electric, Steel",https://img.pokemondb.net/sprites/home/normal/2x/magnezone.jpg
0463,Lickilicky,Normal,https://img.pokemondb.net/sprites/home/normal/2x/lickilicky.jpg
0464,Rhyperior,"Ground, Rock",https://img.pokemondb.net/sprites/home/normal/2x/rhyperior.jpg
0465,Tangrowth,Grass,https://img.pokemondb.net/sprites/home/normal/2x/tangrowth.jpg
0466,Electivire,Electric,https://img.pokemondb.net/sprites/home/normal/2x/electivire.jpg
0467,Magmortar,Fire,https://img.pokemondb.net/sprites/home/normal/2x/magmortar.jpg
0468,Togekiss,"Fairy, Flying",https://img.pokemondb.net/sprites/home/normal/2x/togekiss.jpg
0469,Yanmega,"Bug, Flying",https://img.pokemondb.net/sprites/home/normal/2x/yanmega.jpg
0470,Leafeon,Grass,https://img.pokemondb.net/sprites/home/normal/2x/leafeon.jpg
0471,Glaceon,Ice,https://img.pokemondb.net/sprites/home/normal/2x/glaceon.jpg
0472,Gliscor,"Ground, Flying",https://img.pokemondb.net/sprites/home/normal/2x/gliscor.jpg
0473,Mamoswine,"Ice, Ground",https://img.pokemondb.net/sprites/home/normal/2x/mamoswine.jpg
0474,Porygon-Z,Normal,https://img.pokemondb.net/sprites/home/normal/2x/porygon-z.jpg
0475,Gallade,"Psychic, Fighting",https://img.pokemondb.net/sprites/home/normal/2x/gallade.jpg
0476,Probopass,"Rock, Steel",https://img.pokemondb.net/sprites/home/normal/2x/probopass.jpg
0477,Dusknoir,Ghost,https://img.pokemondb.net/sprites/home/normal/2x/dusknoir.jpg
0478,Froslass,"Ice, Ghost",https://img.pokemondb.net/sprites/home/normal/2x/froslass.jpg
0479,Rotom,"Electric, Ghost",https://img.pokemondb.net/sprites/home/normal/2x/rotom.jpg
0480,Uxie,Psychic,https://img.pokemondb.net/sprites/home/normal/2x/uxie.jpg
0481,Mesprit,Psychic,https://img.pokemondb.net/sprites/home/normal/2x/mesprit.jpg
0482,Azelf,Psychic,https://img.pokemondb.net/sprites/home/normal/2x/azelf.jpg
0483,Dialga,"Steel, Dragon",https://img.pokemondb.net/sprites/home/normal/2x/dialga.jpg
0484,Palkia,"Water, Dragon",https://img.pokemondb.net/sprites/home/normal/2x/palkia.jpg
0485,Heatran,"Fire, Steel",https://img.pokemondb.net/sprites/home/normal/2x/heatran.jpg
0486,Regigigas,Normal,https://img.pokemondb.net/sprites/home/normal/2x/regigigas.jpg
0487,Giratina,"Ghost, Dragon",https://img.pokemondb.net/sprites/home/normal/2x/giratina.jpg
0488,Cresselia,Psychic,https://img.pokemondb.net/sprites/home/normal/2x/cresselia.jpg
0489,Phione,Water,https://img.pokemondb.net/sprites/home/normal/2x/phione.jpg
0490,Manaphy,Water,https://img.pokemondb.net/sprites/home/normal/2x/manaphy.jpg
0491,Darkrai,Dark,https://img.pokemondb.net/sprites/home/normal/2x/darkrai.jpg
0492,Shaymin,Grass,https://img.pokemondb.net/sprites/home/normal/2x/shaymin.jpg
0493,Arceus,Normal,https://img.pokemondb.net/sprites/home/normal/2x/arceus.jpg
0494,Victini,"Psychic, Fire",https://img.pokemondb.net/sprites/home/normal/2x/victini.jpg
0495,Snivy,Grass,https://img.pokemondb.net/sprites/home/normal/2x/snivy.jpg
0496,Servine,Grass,https://img.pokemondb.net/sprites/home/normal/2x/servine.jpg
0497,Serperior,Grass,https://img.pokemondb.net/sprites/home/normal/2x/serperior.jpg
0498,Tepig,Fire,https://img.pokemondb.net/sprites/home/normal/2x/tepig.jpg
0499,Pignite,"Fire, Fighting",https://img.pokemondb.net/sprites/home/normal/2x/pignite.jpg
0500,Emboar,"Fire, Fighting",https://img.pokemondb.net/sprites/home/normal/2x/emboar.jpg
0501,Oshawott,Water,https://img.pokemondb.net/sprites/home/normal/2x/oshawott.jpg
0502,Dewott,Water,https://img.pokemondb.net/sprites/home/normal/2x/dewott.jpg
0503,Samurott,Water,https://img.pokemondb.net/sprites/home/normal/2x/samurott.jpg
0504,Patrat,Normal,https://img.pokemondb.net/sprites/home/normal/2x/patrat.jpg
0505,Watchog,Normal,https://img.pokemondb.net/sprites/home/normal/2x/watchog.jpg
0506,Lillipup,Normal,https://img.pokemondb.net/sprites/home/normal/2x/lillipup.jpg
0507,Herdier,Normal,https://img.pokemondb.net/sprites/home/normal/2x/herdier.jpg
0508,Stoutland,Normal,https://img.pokemondb.net/sprites/home/normal/2x/stoutland.jpg
0509,Purrloin,Dark,https://img.pokemondb.net/sprites/home/normal/2x/purrloin.jpg
0510,Liepard,Dark,https://img.pokemondb.net/sprites/home/normal/2x/liepard.jpg
0511,Pansage,Grass,https://img.pokemondb.net/sprites/home/normal/2x/pansage.jpg
0512,Simisage,Grass,https://img.pokemondb.net/sprites/home/normal/2x/simisage.jpg
0513,Pansear,Fire,https://img.pokemondb.net/sprites/home/normal/2x/pansear.jpg
0514,Simisear,Fire,https://img.pokemondb.net/sprites/home/normal/2x/simisear.jpg
0515,Panpour,Water,https://img.pokemondb.net/sprites/home/normal/2x/panpour.jpg
0516,Simipour,Water,https://img.pokemondb.net/sprites/home/normal/2x/simipour.jpg
0517,Munna,Psychic,https://img.pokemondb.net/sprites/home/normal/2x/munna.jpg
0518,Musharna,Psychic,https://img.pokemondb.net/sprites/home/normal/2x/musharna.jpg
0519,Pidove,"Normal, Flying",https://img.pokemondb.net/sprites/home/normal/2x/pidove.jpg
0520,Tranquill,"Normal, Flying",https://img.pokemondb.net/sprites/home/normal/2x/tranquill.jpg
0521,Unfezant,"Normal, Flying",https://img.pokemondb.net/sprites/home/normal/2x/unfezant.jpg
0522,Blitzle,Electric,https://img.pokemondb.net/sprites/home/normal/2x/blitzle.jpg
0523,Zebstrika,Electric,https://img.pokemondb.net/sprites/home/normal/2x/zebstrika.jpg
0524,Roggenrola,Rock,https://img.pokemondb.net/sprites/home/normal/2x/roggenrola.jpg
0525,Boldore,Rock,https://img.pokemondb.net/sprites/home/normal/2x/boldore.jpg
0526,Gigalith,Rock,https://img.pokemondb.net/sprites/home/normal/2x/gigalith.jpg
0527,Woobat,"Psychic, Flying",https://img.pokemondb.net/sprites/home/normal/2x/woobat.jpg
0528,Swoobat,"Psychic, Flying",https://img.pokemondb.net/sprites/home/normal/2x/swoobat.jpg
0529,Drilbur,Ground,https://img.pokemondb.net/sprites/home/normal/2x/drilbur.jpg
0530,Excadrill,"Ground, Steel",https://img.pokemondb.net/sprites/home/normal/2x/excadrill.jpg
0531,Audino,Normal,https://img.pokemondb.net/sprites/home/normal/2x/audino.jpg
0532,Timburr,Fighting,https://img.pokemondb.net/sprites/home/normal/2x/timburr.jpg
0533,Gurdurr,Fighting,https://img.pokemondb.net/sprites/home/normal/2x/gurdurr.jpg
0534,Conkeldurr,Fighting,https://img.pokemondb.net/sprites/home/normal/2x/conkeldurr.jpg
0535,Tympole,Water,https://img.pokemondb.net/sprites/home/normal/2x/tympole.jpg
0536,Palpitoad,"Water, Ground",https://img.pokemondb.net/sprites/home/normal/2x/palpitoad.jpg
0537,Seismitoad,"Water, Ground",https://img.pokemondb.net/sprites/home/normal/2x/seismitoad.jpg
0538,Throh,Fighting,https://img.pokemondb.net/sprites/home/normal/2x/throh.jpg
0539,Sawk,Fighting,https://img.pokemondb.net/sprites/home/normal/2x/sawk.jpg
0540,Sewaddle,"Bug, Grass",https://img.pokemondb.net/sprites/home/normal/2x/sewaddle.jpg
0541,Swadloon,"Bug, Grass",https://img.pokemondb.net/sprites/home/normal/2x/swadloon.jpg
0542,Leavanny,"Bug, Grass",https://img.pokemondb.net/sprites/home/normal/2x/leavanny.jpg
0543,Venipede,"Bug, Poison",https://img.pokemondb.net/sprites/home/normal/2x/venipede.jpg
0544,Whirlipede,"Bug, Poison",https://img.pokemondb.net/sprites/home/normal/2x/whirlipede.jpg
0545,Scolipede,"Bug, Poison",https://img.pokemondb.net/sprites/home/normal/2x/scolipede.jpg
0546,Cottonee,"Grass, Fairy",https://img.pokemondb.net/sprites/home/normal/2x/cottonee.jpg
0547,Whimsicott,"Grass, Fairy",https://img.pokemondb.net/sprites/home/normal/2x/whimsicott.jpg
0548,Petilil,Grass,https://img.pokemondb.net/sprites/home/normal/2x/petilil.jpg
0549,Lilligant,Grass,https://img.pokemondb.net/sprites/home/normal/2x/lilligant.jpg
0550,Basculin,Water,https://img.pokemondb.net/sprites/home/normal/2x/basculin.jpg
0551,Sandile,"Ground, Dark",https://img.pokemondb.net/sprites/home/normal/2x/sandile.jpg
0552,Krokorok,"Ground, Dark",https://img.pokemondb.net/sprites/home/normal/2x/krokorok.jpg
0553,Krookodile,"Ground, Dark",https://img.pokemondb.net/sprites/home/normal/2x/krookodile.jpg
0554,Darumaka,Fire,https://img.pokemondb.net/sprites/home/normal/2x/darumaka.jpg
0555,Darmanitan,Fire,https://img.pokemondb.net/sprites/home/normal/2x/darmanitan.jpg
0556,Maractus,Grass,https://img.pokemondb.net/sprites/home/normal/2x/maractus.jpg
0557,Dwebble,"Bug, Rock",https://img.pokemondb.net/sprites/home/normal/2x/dwebble.jpg
0558,Crustle,"Bug, Rock",https://img.pokemondb.net/sprites/home/normal/2x/crustle.jpg
0559,Scraggy,"Dark, Fighting",https://img.pokemondb.net/sprites/home/normal/2x/scraggy.jpg
0560,Scrafty,"Dark, Fighting",https://img.pokemondb.net/sprites/home/normal/2x/scrafty.jpg
0561,Sigilyph,"Psychic, Flying",https://img.pokemondb.net/sprites/home/normal/2x/sigilyph.jpg
0562,Yamask,Ghost,https://img.pokemondb.net/sprites/home/normal/2x/yamask.jpg
0563,Cofagrigus,Ghost,https://img.pokemondb.net/sprites/home/normal/2x/cofagrigus.jpg
0564,Tirtouga,"Water, Rock",https://img.pokemondb.net/sprites/home/normal/2x/tirtouga.jpg
0565,Carracosta,"Water, Rock",https://img.pokemondb.net/sprites/home/normal/2x/carracosta.jpg
0566,Archen,"Rock, Flying",https://img.pokemondb.net/sprites/home/normal/2x/archen.jpg
0567,Archeops,"Rock, Flying",https://img.pokemondb.net/sprites/home/normal/2x/archeops.jpg
0568,Trubbish,Poison,https://img.pokemondb.net/sprites/home/normal/2x/trubbish.jpg
0569,Garbodor,Poison,https://img.pokemondb.net/sprites/home/normal/2x/garbodor.jpg
0570,Zorua,Dark,https://img.pokemondb.net/sprites/home/normal/2x/zorua.jpg
0571,Zoroark,Dark,https://img.pokemondb.net/sprites/home/normal/2x/zoroark.jpg
0572,Minccino,Normal,https://img.pokemondb.net/sprites/home/normal/2x/minccino.jpg
0573,Cinccino,Normal,https://img.pokemondb.net/sprites/home/normal/2x/cinccino.jpg
0574,Gothita,Psychic,https://img.pokemondb.net/sprites/home/normal/2x/gothita.jpg
0575,Gothorita,Psychic,https://img.pokemondb.net/sprites/home/normal/2x/gothorita.jpg
0576,Gothitelle,Psychic,https://img.pokemondb.net/sprites/home/normal/2x/gothitelle.jpg
0577,Solosis,Psychic,https://img.pokemondb.net/sprites/home/normal/2x/solosis.jpg
0578,Duosion,Psychic,https://img.pokemondb.net/sprites/home/normal/2x/duosion.jpg
0579,Reuniclus,Psychic,https://img.pokemondb.net/sprites/home/normal/2x/reuniclus.jpg
0580,Ducklett,"Water, Flying",https://img.pokemondb.net/sprites/home/normal/2x/ducklett.jpg
0581,Swanna,"Water, Flying",https://img.pokemondb.net/sprites/home/normal/2x/swanna.jpg
0582,Vanillite,Ice,https://img.pokemondb.net/sprites/home/normal/2x/vanillite.jpg
0583,Vanillish,Ice,https://img.pokemondb.net/sprites/home/normal/2x/vanillish.jpg
0584,Vanilluxe,Ice,https://img.pokemondb.net/sprites/home/normal/2x/vanilluxe.jpg
0585,Deerling,"Normal, Grass",https://img.pokemondb.net/sprites/home/normal/2x/deerling.jpg
0586,Sawsbuck,"Normal, Grass",https://img.pokemondb.net/sprites/home/normal/2x/sawsbuck.jpg
0587,Emolga,"Electric, Flying",https://img.pokemondb.net/sprites/home/normal/2x/emolga.jpg
0588,Karrablast,Bug,https://img.pokemondb.net/sprites/home/normal/2x/karrablast.jpg
0589,Escavalier,"Bug, Steel",https://img.pokemondb.net/sprites/home/normal/2x/escavalier.jpg
0590,Foongus,"Grass, Poison",https://img.pokemondb.net/sprites/home/normal/2x/foongus.jpg
0591,Amoonguss,"Grass, Poison",https://img.pokemondb.net/sprites/home/normal/2x/amoonguss.jpg
0592,Frillish,"Water, Ghost",https://img.pokemondb.net/sprites/home/normal/2x/frillish.jpg
0593,Jellicent,"Water, Ghost",https://img.pokemondb.net/sprites/home/normal/2x/jellicent.jpg
0594,Alomomola,Water,https://img.pokemondb.net/sprites/home/normal/2x/alomomola.jpg
0595,Joltik,"Bug, Electric",https://img.pokemondb.net/sprites/home/normal/2x/joltik.jpg
0596,Galvantula,"Bug, Electric",https://img.pokemondb.net/sprites/home/normal/2x/galvantula.jpg
0597,Ferroseed,"Grass, Steel",https://img.pokemondb.net/sprites/home/normal/2x/ferroseed.jpg
0598,Ferrothorn,"Grass, Steel",https://img.pokemondb.net/sprites/home/normal/2x/ferrothorn.jpg
0599,Klink,Steel,https://img.pokemondb.net/sprites/home/normal/2x/klink.jpg
0600,Klang,Steel,https://img.pokemondb.net/sprites/home/normal/2x/klang.jpg
0601,Klinklang,Steel,https://img.pokemondb.net/sprites/home/normal/2x/klinklang.jpg
0602,Tynamo,Electric,https://img.pokemondb.net/sprites/home/normal/2x/tynamo.jpg
0603,Eelektrik,Electric,https://img.pokemondb.net/sprites/home/normal/2x/eelektrik.jpg
0604,Eelektross,Electric,https://img.pokemondb.net/sprites/home/normal/2x/eelektross.jpg
0605,Elgyem,Psychic,https://img.pokemondb.net/sprites/home/normal/2x/elgyem.jpg
0606,Beheeyem,Psychic,https://img.pokemondb.net/sprites/home/normal/2x/beheeyem.jpg
0607,Litwick,"Ghost, Fire",https://img.pokemondb.net/sprites/home/normal/2x/litwick.jpg
0608,Lampent,"Ghost, Fire",https://img.pokemondb.net/sprites/home/normal/2x/lampent.jpg
0609,Chandelure,"Ghost, Fire",https://img.pokemondb.net/sprites/home/normal/2x/chandelure.jpg
0610,Axew,Dragon,https://img.pokemondb.net/sprites/home/normal/2x/axew.jpg
0611,Fraxure,Dragon,https://img.pokemondb.net/sprites/home/normal/2x/fraxure.jpg
0612,Haxorus,Dragon,https://img.pokemondb.net/sprites/home/normal/2x/haxorus.jpg
0613,Cubchoo,Ice,https://img.pokemondb.net/sprites/home/normal/2x/cubchoo.jpg
0614,Beartic,Ice,https://img.pokemondb.net/sprites/home/normal/2x/beartic.jpg
0615,Cryogonal,Ice,https://img.pokemondb.net/sprites/home/normal/2x/cryogonal.jpg
0616,Shelmet,Bug,https://img.pokemondb.net/sprites/home/normal/2x/shelmet.jpg
0617,Accelgor,Bug,https://img.pokemondb.net/sprites/home/normal/2x/accelgor.jpg
0618,Stunfisk,"Ground, Electric",https://img.pokemondb.net/sprites/home/normal/2x/stunfisk.jpg
0619,Mienfoo,Fighting,https://img.pokemondb.net/sprites/home/normal/2x/mienfoo.jpg
0620,Mienshao,Fighting,https://img.pokemondb.net/sprites/home/normal/2x/mienshao.jpg
0621,Druddigon,Dragon,https://img.pokemondb.net/sprites/home/normal/2x/druddigon.jpg
0622,Golett,"Ground, Ghost",https://img.pokemondb.net/sprites/home/normal/2x/golett.jpg
0623,Golurk,"Ground, Ghost",https://img.pokemondb.net/sprites/home/normal/2x/golurk.jpg
0624,Pawniard,"Dark, Steel",https://img.pokemondb.net/sprites/home/normal/2x/pawniard.jpg
0625,Bisharp,"Dark, Steel",https://img.pokemondb.net/sprites/home/normal/2x/bisharp.jpg
0626,Bouffalant,Normal,https://img.pokemondb.net/sprites/home/normal/2x/bouffalant.jpg
0627,Rufflet,"Normal, Flying",https://img.pokemondb.net/sprites/home/normal/2x/rufflet.jpg
0628,Braviary,"Normal, Flying",https://img.pokemondb.net/sprites/home/normal/2x/braviary.jpg
0629,Vullaby,"Dark, Flying",https://img.pokemondb.net/sprites/home/normal/2x/vullaby.jpg
0630,Mandibuzz,"Dark, Flying",https://img.pokemondb.net/sprites/home/normal/2x/mandibuzz.jpg
0631,Heatmor,Fire,https://img.pokemondb.net/sprites/home/normal/2x/heatmor.jpg
0632,Durant,"Bug, Steel",https://img.pokemondb.net/sprites/home/normal/2x/durant.jpg
0633,Deino,"Dark, Dragon",https://img.pokemondb.net/sprites/home/normal/2x/deino.jpg
0634,Zweilous,"Dark, Dragon",https://img.pokemondb.net/sprites/home/normal/2x/zweilous.jpg
0635,Hydreigon,"Dark, Dragon",https://img.pokemondb.net/sprites/home/normal/2x/hydreigon.jpg
0636,Larvesta,"Bug, Fire",https://img.pokemondb.net/sprites/home/normal/2x/larvesta.jpg
0637,Volcarona,"Bug, Fire",https://img.pokemondb.net/sprites/home/normal/2x/volcarona.jpg
0638,Cobalion,"Steel, Fighting",https://img.pokemondb.net/sprites/home/normal/2x/cobalion.jpg
0639,Terrakion,"Rock, Fighting",https://img.pokemondb.net/sprites/home/normal/2x/terrakion.jpg
0640,Virizion,"Grass, Fighting",https://img.pokemondb.net/sprites/home/normal/2x/virizion.jpg
0641,Tornadus,Flying,https://img.pokemondb.net/sprites/home/normal/2x/tornadus.jpg
0642,Thundurus,"Electric, Flying",https://img.pokemondb.net/sprites/home/normal/2x/thundurus.jpg
0643,Reshiram,"Dragon, Fire",https://img.pokemondb.net/sprites/home/normal/2x/reshiram.jpg
0644,Zekrom,"Dragon, Electric",https://img.pokemondb.net/sprites/home/normal/2x/zekrom.jpg
0645,Landorus,"Ground, Flying",https://img.pokemondb.net/sprites/home/normal/2x/landorus.jpg
0646,Kyurem,"Dragon, Ice",https://img.pokemondb.net/sprites/home/normal/2x/kyurem.jpg
0647,Keldeo,"Water, Fighting",https://img.pokemondb.net/sprites/home/normal/2x/keldeo.jpg
0648,Meloetta,"Normal, Psychic",https://img.pokemondb.net/sprites/home/normal/2x/meloetta.jpg
0649,Genesect,"Bug, Steel",https://img.pokemondb.net/sprites/home/normal/2x/genesect.jpg
0650,Chespin,Grass,https://img.pokemondb.net/sprites/home/normal/2x/chespin.jpg
0651,Quilladin,Grass,https://img.pokemondb.net/sprites/home/normal/2x/quilladin.jpg
0652,Chesnaught,"Grass, Fighting",https://img.pokemondb.net/sprites/home/normal/2x/chesnaught.jpg
0653,Fennekin,Fire,https://img.pokemondb.net/sprites/home/normal/2x/fennekin.jpg
0654,Braixen,Fire,https://img.pokemondb.net/sprites/home/normal/2x/braixen.jpg
0655,Delphox,"Fire, Psychic",https://img.pokemondb.net/sprites/home/normal/2x/delphox.jpg
0656,Froakie,Water,https://img.pokemondb.net/sprites/home/normal/2x/froakie.jpg
0657,Frogadier,Water,https://img.pokemondb.net/sprites/home/normal/2x/frogadier.jpg
0658,Greninja,"Water, Dark",https://img.pokemondb.net/sprites/home/normal/2x/greninja.jpg
0659,Bunnelby,Normal,https://img.pokemondb.net/sprites/home/normal/2x/bunnelby.jpg
0660,Diggersby,"Normal, Ground",https://img.pokemondb.net/sprites/home/normal/2x/diggersby.jpg
0661,Fletchling,"Normal, Flying",https://img.pokemondb.net/sprites/home/normal/2x/fletchling.jpg
0662,Fletchinder,"Fire, Flying",https://img.pokemondb.net/sprites/home/normal/2x/fletchinder.jpg
0663,Talonflame,"Fire, Flying",https://img.pokemondb.net/sprites/home/normal/2x/talonflame.jpg
0664,Scatterbug,Bug,https://img.pokemondb.net/sprites/home/normal/2x/scatterbug.jpg
0665,Spewpa,Bug,https://img.pokemondb.net/sprites/home/normal/2x/spewpa.jpg
0666,Vivillon,"Bug, Flying",https://img.pokemondb.net/sprites/home/normal/2x/vivillon.jpg
0667,Litleo,"Fire, Normal",https://img.pokemondb.net/sprites/home/normal/2x/litleo.jpg
0668,Pyroar,"Fire, Normal",https://img.pokemondb.net/sprites/home/normal/2x/pyroar.jpg
0669,Flabébé,Fairy,https://img.pokemondb.net/sprites/home/normal/2x/flabebe.jpg
0670,Floette,Fairy,https://img.pokemondb.net/sprites/home/normal/2x/floette.jpg
0671,Florges,Fairy,https://img.pokemondb.net/sprites/home/normal/2x/florges.jpg
0672,Skiddo,Grass,https://img.pokemondb.net/sprites/home/normal/2x/skiddo.jpg
0673,Gogoat,Grass,https://img.pokemondb.net/sprites/home/normal/2x/gogoat.jpg
0674,Pancham,Fighting,https://img.pokemondb.net/sprites/home/normal/2x/pancham.jpg
0675,Pangoro,"Fighting, Dark",https://img.pokemondb.net/sprites/home/normal/2x/pangoro.jpg
0676,Furfrou,Normal,https://img.pokemondb.net/sprites/home/normal/2x/furfrou.jpg
0677,Espurr,Psychic,https://img.pokemondb.net/sprites/home/normal/2x/espurr.jpg
0678,Meowstic,Psychic,https://img.pokemondb.net/sprites/home/normal/2x/meowstic.jpg
0679,Honedge,"Steel, Ghost",https://img.pokemondb.net/sprites/home/normal/2x/honedge.jpg
0680,Doublade,"Steel, Ghost",https://img.pokemondb.net/sprites/home/normal/2x/doublade.jpg
0681,Aegislash,"Steel, Ghost",https://img.pokemondb.net/sprites/home/normal/2x/aegislash.jpg
0682,Spritzee,Fairy,https://img.pokemondb.net/sprites/home/normal/2x/spritzee.jpg
0683,Aromatisse,Fairy,https://img.pokemondb.net/sprites/home/normal/2x/aromatisse.jpg
0684,Swirlix,Fairy,https://img.pokemondb.net/sprites/home/normal/2x/swirlix.jpg
0685,Slurpuff,Fairy,https://img.pokemondb.net/sprites/home/normal/2x/slurpuff.jpg
0686,Inkay,"Dark, Psychic",https://img.pokemondb.net/sprites/home/normal/2x/inkay.jpg
0687,Malamar,"Dark, Psychic",https://img.pokemondb.net/sprites/home/normal/2x/malamar.jpg
0688,Binacle,"Rock, Water",https://img.pokemondb.net/sprites/home/normal/2x/binacle.jpg
0689,Barbaracle,"Rock, Water",https://img.pokemondb.net/sprites/home/normal/2x/barbaracle.jpg
0690,Skrelp,"Poison, Water",https://img.pokemondb.net/sprites/home/normal/2x/skrelp.jpg
0691,Dragalge,"Poison, Dragon",https://img.pokemondb.net/sprites/home/normal/2x/dragalge.jpg
0692,Clauncher,Water,https://img.pokemondb.net/sprites/home/normal/2x/clauncher.jpg
0693,Clawitzer,Water,https://img.pokemondb.net/sprites/home/normal/2x/clawitzer.jpg
0694,Helioptile,"Electric, Normal",https://img.pokemondb.net/sprites/home/normal/2x/helioptile.jpg
0695,Heliolisk,"Electric, Normal",https://img.pokemondb.net/sprites/home/normal/2x/heliolisk.jpg
0696,Tyrunt,"Rock, Dragon",https://img.pokemondb.net/sprites/home/normal/2x/tyrunt.jpg
0697,Tyrantrum,"Rock, Dragon",https://img.pokemondb.net/sprites/home/normal/2x/tyrantrum.jpg
0698,Amaura,"Rock, Ice",https://img.pokemondb.net/sprites/home/normal/2x/amaura.jpg
0699,Aurorus,"Rock, Ice",https://img.pokemondb.net/sprites/home/normal/2x/aurorus.jpg
0700,Sylveon,Fairy,https://img.pokemondb.net/sprites/home/normal/2x/sylveon.jpg
0701,Hawlucha,"Fighting, Flying",https://img.pokemondb.net/sprites/home/normal/2x/hawlucha.jpg
0702,Dedenne,"Electric, Fairy",https://img.pokemondb.net/sprites/home/normal/2x/dedenne.jpg
0703,Carbink,"Rock, Fairy",https://img.pokemondb.net/sprites/home/normal/2x/carbink.jpg
0704,Goomy,Dragon,https://img.pokemondb.net/sprites/home/normal/2x/goomy.jpg
0705,Sliggoo,Dragon,https://img.pokemondb.net/sprites/home/normal/2x/sliggoo.jpg
0706,Goodra,Dragon,https://img.pokemondb.net/sprites/home/normal/2x/goodra.jpg
0707,Klefki,"Steel, Fairy",https://img.pokemondb.net/sprites/home/normal/2x/klefki.jpg
0708,Phantump,"Ghost, Grass",https://img.pokemondb.net/sprites/home/normal/2x/phantump.jpg
0709,Trevenant,"Ghost, Grass",https://img.pokemondb.net/sprites/home/normal/2x/trevenant.jpg
0710,Pumpkaboo,"Ghost, Grass",https://img.pokemondb.net/sprites/home/normal/2x/pumpkaboo.jpg
0711,Gourgeist,"Ghost, Grass",https://img.pokemondb.net/sprites/home/normal/2x/gourgeist.jpg
0712,Bergmite,Ice,https://img.pokemondb.net/sprites/home/normal/2x/bergmite.jpg
0713,Avalugg,Ice,https://img.pokemondb.net/sprites/home/normal/2x/avalugg.jpg
0714,Noibat,"Flying, Dragon",https://img.pokemondb.net/sprites/home/normal/2x/noibat.jpg
0715,Noivern,"Flying, Dragon",https://img.pokemondb.net/sprites/home/normal/2x/noivern.jpg
0716,Xerneas,Fairy,https://img.pokemondb.net/sprites/home/normal/2x/xerneas.jpg
0717,Yveltal,"Dark, Flying",https://img.pokemondb.net/sprites/home/normal/2x/yveltal.jpg
0718,Zygarde,"Dragon, Ground",https://img.pokemondb.net/sprites/home/normal/2x/zygarde.jpg
0719,Diancie,"Rock, Fairy",https://img.pokemondb.net/sprites/home/normal/2x/diancie.jpg
0720,Hoopa,"Psychic, Ghost",https://img.pokemondb.net/sprites/home/normal/2x/hoopa.jpg
0721,Volcanion,"Fire, Water",https://img.pokemondb.net/sprites/home/normal/2x/volcanion.jpg
0722,Rowlet,"Grass, Flying",https://img.pokemondb.net/sprites/home/normal/2x/rowlet.jpg
0723,Dartrix,"Grass, Flying",https://img.pokemondb.net/sprites/home/normal/2x/dartrix.jpg
0724,Decidueye,"Grass, Ghost",https://img.pokemondb.net/sprites/home/normal/2x/decidueye.jpg
0725,Litten,Fire,https://img.pokemondb.net/sprites/home/normal/2x/litten.jpg
0726,Torracat,Fire,https://img.pokemondb.net/sprites/home/normal/2x/torracat.jpg
0727,Incineroar,"Fire, Dark",https://img.pokemondb.net/sprites/home/normal/2x/incineroar.jpg
0728,Popplio,Water,https://img.pokemondb.net/sprites/home/normal/2x/popplio.jpg
0729,Brionne,Water,https://img.pokemondb.net/sprites/home/normal/2x/brionne.jpg
0730,Primarina,"Water, Fairy",https://img.pokemondb.net/sprites/home/normal/2x/primarina.jpg
0731,Pikipek,"Normal, Flying",https://img.pokemondb.net/sprites/home/normal/2x/pikipek.jpg
0732,Trumbeak,"Normal, Flying",https://img.pokemondb.net/sprites/home/normal/2x/trumbeak.jpg
0733,Toucannon,"Normal, Flying",https://img.pokemondb.net/sprites/home/normal/2x/toucannon.jpg
0734,Yungoos,Normal,https://img.pokemondb.net/sprites/home/normal/2x/yungoos.jpg
0735,Gumshoos,Normal,https://img.pokemondb.net/sprites/home/normal/2x/gumshoos.jpg
0736,Grubbin,Bug,https://img.pokemondb.net/sprites/home/normal/2x/grubbin.jpg
0737,Charjabug,"Bug, Electric",https://img.pokemondb.net/sprites/home/normal/2x/charjabug.jpg
0738,Vikavolt,"Bug, Electric",https://img.pokemondb.net/sprites/home/normal/2x/vikavolt.jpg
0739,Crabrawler,Fighting,https://img.pokemondb.net/sprites/home/normal/2x/crabrawler.jpg
0740,Crabominable,"Fighting, Ice",https://img.pokemondb.net/sprites/home/normal/2x/crabominable.jpg
0741,Oricorio,"Fire, Flying",https://img.pokemondb.net/sprites/home/normal/2x/oricorio.jpg
0742,Cutiefly,"Bug, Fairy",https://img.pokemondb.net/sprites/home/normal/2x/cutiefly.jpg
0743,Ribombee,"Bug, Fairy",https://img.pokemondb.net/sprites/home/normal/2x/ribombee.jpg
0744,Rockruff,Rock,https://img.pokemondb.net/sprites/home/normal/2x/rockruff.jpg
0745,Lycanroc,Rock,https://img.pokemondb.net/sprites/home/normal/2x/lycanroc.jpg
0746,Wishiwashi,Water,https://img.pokemondb.net/sprites/home/normal/2x/wishiwashi.jpg
0747,Mareanie,"Poison, Water",https://img.pokemondb.net/sprites/home/normal/2x/mareanie.jpg
0748,Toxapex,"Poison, Water",https://img.pokemondb.net/sprites/home/normal/2x/toxapex.jpg
0749,Mudbray,Ground,https://img.pokemondb.net/sprites/home/normal/2x/mudbray.jpg
0750,Mudsdale,Ground,https://img.pokemondb.net/sprites/home/normal/2x/mudsdale.jpg
0751,Dewpider,"Water, Bug",https://img.pokemondb.net/sprites/home/normal/2x/dewpider.jpg
0752,Araquanid,"Water, Bug",https://img.pokemondb.net/sprites/home/normal/2x/araquanid.jpg
0753,Fomantis,Grass,https://img.pokemondb.net/sprites/home/normal/2x/fomantis.jpg
0754,Lurantis,Grass,https://img.pokemondb.net/sprites/home/normal/2x/lurantis.jpg
0755,Morelull,"Grass, Fairy",https://img.pokemondb.net/sprites/home/normal/2x/morelull.jpg
0756,Shiinotic,"Grass, Fairy",https://img.pokemondb.net/sprites/home/normal/2x/shiinotic.jpg
0757,Salandit,"Poison, Fire",https://img.pokemondb.net/sprites/home/normal/2x/salandit.jpg
0758,Salazzle,"Poison, Fire",https://img.pokemondb.net/sprites/home/normal/2x/salazzle.jpg
0759,Stufful,"Normal, Fighting",https://img.pokemondb.net/sprites/home/normal/2x/stufful.jpg
0760,Bewear,"Normal, Fighting",https://img.pokemondb.net/sprites/home/normal/2x/bewear.jpg
0761,Bounsweet,Grass,https://img.pokemondb.net/sprites/home/normal/2x/bounsweet.jpg
0762,Steenee,Grass,https://img.pokemondb.net/sprites/home/normal/2x/steenee.jpg
0763,Tsareena,Grass,https://img.pokemondb.net/sprites/home/normal/2x/tsareena.jpg
0764,Comfey,Fairy,https://img.pokemondb.net/sprites/home/normal/2x/comfey.jpg
0765,Oranguru,"Normal, Psychic",https://img.pokemondb.net/sprites/home/normal/2x/oranguru.jpg
0766,Passimian,Fighting,https://img.pokemondb.net/sprites/home/normal/2x/passimian.jpg
0767,Wimpod,"Bug, Water",https://img.pokemondb.net/sprites/home/normal/2x/wimpod.jpg
0768,Golisopod,"Bug, Water",https://img.pokemondb.net/sprites/home/normal/2x/golisopod.jpg
0769,Sandygast,"Ghost, Ground",https://img.pokemondb.net/sprites/home/normal/2x/sandygast.jpg
0770,Palossand,"Ghost, Ground",https://img.pokemondb.net/sprites/home/normal/2x/palossand.jpg
0771,Pyukumuku,Water,https://img.pokemondb.net/sprites/home/normal/2x/pyukumuku.jpg
0772,Type: Null,Normal,https://img.pokemondb.net/sprites/home/normal/2x/type-null.jpg
0773,Silvally,Normal,https://img.pokemondb.net/sprites/home/normal/2x/silvally.jpg
0774,Minior,"Rock, Flying",https://img.pokemondb.net/sprites/home/normal/2x/minior.jpg
0775,Komala,Normal,https://img.pokemondb.net/sprites/home/normal/2x/komala.jpg
0776,Turtonator,"Fire, Dragon",https://img.pokemondb.net/sprites/home/normal/2x/turtonator.jpg
0777,Togedemaru,"Electric, Steel",https://img.pokemondb.net/sprites/home/normal/2x/togedemaru.jpg
0778,Mimikyu,"Ghost, Fairy",https://img.pokemondb.net/sprites/home/normal/2x/mimikyu.jpg
0779,Bruxish,"Water, Psychic",https://img.pokemondb.net/sprites/home/normal/2x/bruxish.jpg
0780,Drampa,"Normal, Dragon",https://img.pokemondb.net/sprites/home/normal/2x/drampa.jpg
0781,Dhelmise,"Ghost, Grass",https://img.pokemondb.net/sprites/home/normal/2x/dhelmise.jpg
0782,Jangmo-o,Dragon,https://img.pokemondb.net/sprites/home/normal/2x/jangmo-o.jpg
0783,Hakamo-o,"Dragon, Fighting",https://img.pokemondb.net/sprites/home/normal/2x/hakamo-o.jpg
0784,Kommo-o,"Dragon, Fighting",https://img.pokemondb.net/sprites/home/normal/2x/kommo-o.jpg
0785,Tapu Koko,"Electric, Fairy",https://img.pokemondb.net/sprites/home/normal/2x/tapu-koko.jpg
0786,Tapu Lele,"Psychic, Fairy",https://img.pokemondb.net/sprites/home/normal/2x/tapu-lele.jpg
0787,Tapu Bulu,"Grass, Fairy",https://img.pokemondb.net/sprites/home/normal/2x/tapu-bulu.jpg
0788,Tapu Fini,"Water, Fairy",https://img.pokemondb.net/sprites/home/normal/2x/tapu-fini.jpg
0789,Cosmog,Psychic,https://img.pokemondb.net/sprites/home/normal/2x/cosmog.jpg
0790,Cosmoem,Psychic,https://img.pokemondb.net/sprites/home/normal/2x/cosmoem.jpg
0791,Solgaleo,"Psychic, Steel",https://img.pokemondb.net/sprites/home/normal/2x/solgaleo.jpg
0792,Lunala,"Psychic, Ghost",https://img.pokemondb.net/sprites/home/normal/2x/lunala.jpg
0793,Nihilego,"Rock, Poison",https://img.pokemondb.net/sprites/home/normal/2x/nihilego.jpg
0794,Buzzwole,"Bug, Fighting",https://img.pokemondb.net/sprites/home/normal/2x/buzzwole.jpg
0795,Pheromosa,"Bug, Fighting",https://img.pokemondb.net/sprites/home/normal/2x/pheromosa.jpg
0796,Xurkitree,Electric,https://img.pokemondb.net/sprites/home/normal/2x/xurkitree.jpg
0797,Celesteela,"Steel, Flying",https://img.pokemondb.net/sprites/home/normal/2x/celesteela.jpg
0798,Kartana,"Grass, Steel",https://img.pokemondb.net/sprites/home/normal/2x/kartana.jpg
0799,Guzzlord,"Dark, Dragon",https://img.pokemondb.net/sprites/home/normal/2x/guzzlord.jpg
0800,Necrozma,Psychic,https://img.pokemondb.net/sprites/home/normal/2x/necrozma.jpg
0801,Magearna,"Steel, Fairy",https://img.pokemondb.net/sprites/home/normal/2x/magearna.jpg
0802,Marshadow,"Fighting, Ghost",https://img.pokemondb.net/sprites/home/normal/2x/marshadow.jpg
0803,Poipole,Poison,https://img.pokemondb.net/sprites/home/normal/2x/poipole.jpg
0804,Naganadel,"Poison, Dragon",https://img.pokemondb.net/sprites/home/normal/2x/naganadel.jpg
0805,Stakataka,"Rock, Steel",https://img.pokemondb.net/sprites/home/normal/2x/stakataka.jpg
0806,Blacephalon,"Fire, Ghost",https://img.pokemondb.net/sprites/home/normal/2x/blacephalon.jpg
0807,Zeraora,Electric,https://img.pokemondb.net/sprites/home/normal/2x/zeraora.jpg
0808,Meltan,Steel,https://img.pokemondb.net/sprites/home/normal/2x/meltan.jpg
0809,Melmetal,Steel,https://img.pokemondb.net/sprites/home/normal/2x/melmetal.jpg
0810,Grookey,Grass,https://img.pokemondb.net/sprites/home/normal/2x/grookey.jpg
0811,Thwackey,Grass,https://img.pokemondb.net/sprites/home/normal/2x/thwackey.jpg
0812,Rillaboom,Grass,https://img.pokemondb.net/sprites/home/normal/2x/rillaboom.jpg
0813,Scorbunny,Fire,https://img.pokemondb.net/sprites/home/normal/2x/scorbunny.jpg
0814,Raboot,Fire,https://img.pokemondb.net/sprites/home/normal/2x/raboot.jpg
0815,Cinderace,Fire,https://img.pokemondb.net/sprites/home/normal/2x/cinderace.jpg
0816,Sobble,Water,https://img.pokemondb.net/sprites/home/normal/2x/sobble.jpg
0817,Drizzile,Water,https://img.pokemondb.net/sprites/home/normal/2x/drizzile.jpg
0818,Inteleon,Water,https://img.pokemondb.net/sprites/home/normal/2x/inteleon.jpg
0819,Skwovet,Normal,https://img.pokemondb.net/sprites/home/normal/2x/skwovet.jpg
0820,Greedent,Normal,https://img.pokemondb.net/sprites/home/normal/2x/greedent.jpg
0821,Rookidee,Flying,https://img.pokemondb.net/sprites/home/normal/2x/rookidee.jpg
0822,Corvisquire,Flying,https://img.pokemondb.net/sprites/home/normal/2x/corvisquire.jpg
0823,Corviknight,"Flying, Steel",https://img.pokemondb.net/sprites/home/normal/2x/corviknight.jpg
0824,Blipbug,Bug,https://img.pokemondb.net/sprites/home/normal/2x/blipbug.jpg
0825,Dottler,"Bug, Psychic",https://img.pokemondb.net/sprites/home/normal/2x/dottler.jpg
0826,Orbeetle,"Bug, Psychic",https://img.pokemondb.net/sprites/home/normal/2x/orbeetle.jpg
0827,Nickit,Dark,https://img.pokemondb.net/sprites/home/normal/2x/nickit.jpg
0828,Thievul,Dark,https://img.pokemondb.net/sprites/home/normal/2x/thievul.jpg
0829,Gossifleur,Grass,https://img.pokemondb.net/sprites/home/normal/2x/gossifleur.jpg
0830,Eldegoss,Grass,https://img.pokemondb.net/sprites/home/normal/2x/eldegoss.jpg
0831,Wooloo,Normal,https://img.pokemondb.net/sprites/home/normal/2x/wooloo.jpg
0832,Dubwool,Normal,https://img.pokemondb.net/sprites/home/normal/2x/dubwool.jpg
0833,Chewtle,Water,https://img.pokemondb.net/sprites/home/normal/2x/chewtle.jpg
0834,Drednaw,"Water, Rock",https://img.pokemondb.net/sprites/home/normal/2x/drednaw.jpg
0835,Yamper,Electric,https://img.pokemondb.net/sprites/home/normal/2x/yamper.jpg
0836,Boltund,Electric,https://img.pokemondb.net/sprites/home/normal/2x/boltund.jpg
0837,Rolycoly,Rock,https://img.pokemondb.net/sprites/home/normal/2x/rolycoly.jpg
0838,Carkol,"Rock, Fire",https://img.pokemondb.net/sprites/home/normal/2x/carkol.jpg
0839,Coalossal,"Rock, Fire",https://img.pokemondb.net/sprites/home/normal/2x/coalossal.jpg
0840,Applin,"Grass, Dragon",https://img.pokemondb.net/sprites/home/normal/2x/applin.jpg
0841,Flapple,"Grass, Dragon",https://img.pokemondb.net/sprites/home/normal/2x/flapple.jpg
0842,Appletun,"Grass, Dragon",https://img.pokemondb.net/sprites/home/normal/2x/appletun.jpg
0843,Silicobra,Ground,https://img.pokemondb.net/sprites/home/normal/2x/silicobra.jpg
0844,Sandaconda,Ground,https://img.pokemondb.net/sprites/home/normal/2x/sandaconda.jpg
0845,Cramorant,"Flying, Water",https://img.pokemondb.net/sprites/home/normal/2x/cramorant.jpg
0846,Arrokuda,Water,https://img.pokemondb.net/sprites/home/normal/2x/arrokuda.jpg
0847,Barraskewda,Water,https://img.pokemondb.net/sprites/home/normal/2x/barraskewda.jpg
0848,Toxel,"Electric, Poison",https://img.pokemondb.net/sprites/home/normal/2x/toxel.jpg
0849,Toxtricity,"Electric, Poison",https://img.pokemondb.net/sprites/home/normal/2x/toxtricity.jpg
0850,Sizzlipede,"Fire, Bug",https://img.pokemondb.net/sprites/home/normal/2x/sizzlipede.jpg
0851,Centiskorch,"Fire, Bug",https://img.pokemondb.net/sprites/home/normal/2x/centiskorch.jpg
0852,Clobbopus,Fighting,https://img.pokemondb.net/sprites/home/normal/2x/clobbopus.jpg
0853,Grapploct,Fighting,https://img.pokemondb.net/sprites/home/normal/2x/grapploct.jpg
0854,Sinistea,Ghost,https://img.pokemondb.net/sprites/home/normal/2x/sinistea.jpg
0855,Polteageist,Ghost,https://img.pokemondb.net/sprites/home/normal/2x/polteageist.jpg
0856,Hatenna,Psychic,https://img.pokemondb.net/sprites/home/normal/2x/hatenna.jpg
0857,Hattrem,Psychic,https://img.pokemondb.net/sprites/home/normal/2x/hattrem.jpg
0858,Hatterene,"Psychic, Fairy",https://img.pokemondb.net/sprites/home/normal/2x/hatterene.jpg
0859,Impidimp,"Dark, Fairy",https://img.pokemondb.net/sprites/home/normal/2x/impidimp.jpg
0860,Morgrem,"Dark, Fairy",https://img.pokemondb.net/sprites/home/normal/2x/morgrem.jpg
0861,Grimmsnarl,"Dark, Fairy",https://img.pokemondb.net/sprites/home/normal/2x/grimmsnarl.jpg
0862,Obstagoon,"Dark, Normal",https://img.pokemondb.net/sprites/home/normal/2x/obstagoon.jpg
0863,Perrserker,Steel,https://img.pokemondb.net/sprites/home/normal/2x/perrserker.jpg
0864,Cursola,Ghost,https://img.pokemondb.net/sprites/home/normal/2x/cursola.jpg
0865,Sirfetch'd,Fighting,https://img.pokemondb.net/sprites/home/normal/2x/sirfetchd.jpg
0866,Mr. Rime,"Ice, Psychic",https://img.pokemondb.net/sprites/home/normal/2x/mr-rime.jpg
0867,Runerigus,"Ground, Ghost",https://img.pokemondb.net/sprites/home/normal/2x/runerigus.jpg
0868,Milcery,Fairy,https://img.pokemondb.net/sprites/home/normal/2x/milcery.jpg
0869,Alcremie,Fairy,https://img.pokemondb.net/sprites/home/normal/2x/alcremie.jpg
0870,Falinks,Fighting,https://img.pokemondb.net/sprites/home/normal/2x/falinks.jpg
0871,Pincurchin,Electric,https://img.pokemondb.net/sprites/home/normal/2x/pincurchin.jpg
0872,Snom,"Ice, Bug",https://img.pokemondb.net/sprites/home/normal/2x/snom.jpg
0873,Frosmoth,"Ice, Bug",https://img.pokemondb.net/sprites/home/normal/2x/frosmoth.jpg
0874,Stonjourner,Rock,https://img.pokemondb.net/sprites/home/normal/2x/stonjourner.jpg
0875,Eiscue,Ice,https://img.pokemondb.net/sprites/home/normal/2x/eiscue.jpg
0876,Indeedee,"Psychic, Normal",https://img.pokemondb.net/sprites/home/normal/2x/indeedee.jpg
0877,Morpeko,"Electric, Dark",https://img.pokemondb.net/sprites/home/normal/2x/morpeko.jpg
0878,Cufant,Steel,https://img.pokemondb.net/sprites/home/normal/2x/cufant.jpg
0879,Copperajah,Steel,https://img.pokemondb.net/sprites/home/normal/2x/copperajah.jpg
0880,Dracozolt,"Electric, Dragon",https://img.pokemondb.net/sprites/home/normal/2x/dracozolt.jpg
0881,Arctozolt,"Electric, Ice",https://img.pokemondb.net/sprites/home/normal/2x/arctozolt.jpg
0882,Dracovish,"Water, Dragon",https://img.pokemondb.net/sprites/home/normal/2x/dracovish.jpg
0883,Arctovish,"Water, Ice",https://img.pokemondb.net/sprites/home/normal/2x/arctovish.jpg
0884,Duraludon,"Steel, Dragon",https://img.pokemondb.net/sprites/home/normal/2x/duraludon.jpg
0885,Dreepy,"Dragon, Ghost",https://img.pokemondb.net/sprites/home/normal/2x/dreepy.jpg
0886,Drakloak,"Dragon, Ghost",https://img.pokemondb.net/sprites/home/normal/2x/drakloak.jpg
0887,Dragapult,"Dragon, Ghost",https://img.pokemondb.net/sprites/home/normal/2x/dragapult.jpg
0888,Zacian,Fairy,https://img.pokemondb.net/sprites/home/normal/2x/zacian.jpg
0889,Zamazenta,Fighting,https://img.pokemondb.net/sprites/home/normal/2x/zamazenta.jpg
0890,Eternatus,"Poison, Dragon",https://img.pokemondb.net/sprites/home/normal/2x/eternatus.jpg
0891,Kubfu,Fighting,https://img.pokemondb.net/sprites/home/normal/2x/kubfu.jpg
0892,Urshifu,"Fighting, Dark",https://img.pokemondb.net/sprites/home/normal/2x/urshifu.jpg
0893,Zarude,"Dark, Grass",https://img.pokemondb.net/sprites/home/normal/2x/zarude.jpg
0894,Regieleki,Electric,https://img.pokemondb.net/sprites/home/normal/2x/regieleki.jpg
0895,Regidrago,Dragon,https://img.pokemondb.net/sprites/home/normal/2x/regidrago.jpg
0896,Glastrier,Ice,https://img.pokemondb.net/sprites/home/normal/2x/glastrier.jpg
0897,Spectrier,Ghost,https://img.pokemondb.net/sprites/home/normal/2x/spectrier.jpg
0898,Calyrex,"Psychic, Grass",https://img.pokemondb.net/sprites/home/normal/2x/calyrex.jpg
0899,Wyrdeer,"Normal, Psychic",https://img.pokemondb.net/sprites/home/normal/2x/wyrdeer.jpg
0900,Kleavor,"Bug, Rock",https://img.pokemondb.net/sprites/home/normal/2x/kleavor.jpg
0901,Ursaluna,"Ground, Normal",https://img.pokemondb.net/sprites/home/normal/2x/ursaluna.jpg
0902,Basculegion,"Water, Ghost",https://img.pokemondb.net/sprites/home/normal/2x/basculegion.jpg
0903,Sneasler,"Fighting, Poison",https://img.pokemondb.net/sprites/home/normal/2x/sneasler.jpg
0904,Overqwil,"Dark, Poison",https://img.pokemondb.net/sprites/home/normal/2x/overqwil.jpg
0905,Enamorus,"Fairy, Flying",https://img.pokemondb.net/sprites/home/normal/2x/enamorus.jpg
0906,Sprigatito,Grass,https://img.pokemondb.net/sprites/scarlet-violet/normal/sprigatito.png
0907,Floragato,Grass,https://img.pokemondb.net/sprites/scarlet-violet/normal/floragato.png
0908,Meowscarada,"Grass, Dark",https://img.pokemondb.net/sprites/scarlet-violet/normal/meowscarada.png
0909,Fuecoco,Fire,https://img.pokemondb.net/sprites/scarlet-violet/normal/fuecoco.png
0910,Crocalor,Fire,https://img.pokemondb.net/sprites/scarlet-violet/normal/crocalor.png
0911,Skeledirge,"Fire, Ghost",https://img.pokemondb.net/sprites/scarlet-violet/normal/skeledirge.png
0912,Quaxly,Water,https://img.pokemondb.net/sprites/scarlet-violet/normal/quaxly.png
0913,Quaxwell,Water,https://img.pokemondb.net/sprites/scarlet-violet/normal/quaxwell.png
0914,Quaquaval,"Water, Fighting",https://img.pokemondb.net/sprites/scarlet-violet/normal/quaquaval.png
0915,Lechonk,Normal,https://img.pokemondb.net/sprites/scarlet-violet/normal/lechonk.png
0916,Oinkologne,Normal,https://img.pokemondb.net/sprites/scarlet-violet/normal/oinkologne.png
0917,Tarountula,Bug,https://img.pokemondb.net/sprites/scarlet-violet/normal/tarountula.png
0918,Spidops,Bug,https://img.pokemondb.net/sprites/scarlet-violet/normal/spidops.png
0919,Nymble,Bug,https://img.pokemondb.net/sprites/scarlet-violet/normal/nymble.png
0920,Lokix,"Bug, Dark",https://img.pokemondb.net/sprites/scarlet-violet/normal/lokix.png
0921,Pawmi,Electric,https://img.pokemondb.net/sprites/scarlet-violet/normal/pawmi.png
0922,Pawmo,"Electric, Fighting",https://img.pokemondb.net/sprites/scarlet-violet/normal/pawmo.png
0923,Pawmot,"Electric, Fighting",https://img.pokemondb.net/sprites/scarlet-violet/normal/pawmot.png
0924,Tandemaus,Normal,https://img.pokemondb.net/sprites/scarlet-violet/normal/tandemaus.png
0925,Maushold,Normal,https://img.pokemondb.net/sprites/scarlet-violet/normal/maushold.png
0926,Fidough,Fairy,https://img.pokemondb.net/sprites/scarlet-violet/normal/fidough.png
0927,Dachsbun,Fairy,https://img.pokemondb.net/sprites/scarlet-violet/normal/dachsbun.png
0928,Smoliv,"Grass, Normal",https://img.pokemondb.net/sprites/scarlet-violet/normal/smoliv.png
0929,Dolliv,"Grass, Normal",https://img.pokemondb.net/sprites/scarlet-violet/normal/dolliv.png
0930,Arboliva,"Grass, Normal",https://img.pokemondb.net/sprites/scarlet-violet/normal/arboliva.png
0931,Squawkabilly,"Normal, Flying",https://img.pokemondb.net/sprites/scarlet-violet/normal/squawkabilly.png
0932,Nacli,Rock,https://img.pokemondb.net/sprites/scarlet-violet/normal/nacli.png
0933,Naclstack,Rock,https://img.pokemondb.net/sprites/scarlet-violet/normal/naclstack.png
0934,Garganacl,Rock,https://img.pokemondb.net/sprites/scarlet-violet/normal/garganacl.png
0935,Charcadet,Fire,https://img.pokemondb.net/sprites/scarlet-violet/normal/charcadet.png
0936,Armarouge,"Fire, Psychic",https://img.pokemondb.net/sprites/scarlet-violet/normal/armarouge.png
0937,Ceruledge,"Fire, Ghost",https://img.pokemondb.net/sprites/scarlet-violet/normal/ceruledge.png
0938,Tadbulb,Electric,https://img.pokemondb.net/sprites/scarlet-violet/normal/tadbulb.png
0939,Bellibolt,Electric,https://img.pokemondb.net/sprites/scarlet-violet/normal/bellibolt.png
0940,Wattrel,"Electric, Flying",https://img.pokemondb.net/sprites/scarlet-violet/normal/wattrel.png
0941,Kilowattrel,"Electric, Flying",https://img.pokemondb.net/sprites/scarlet-violet/normal/kilowattrel.png
0942,Maschiff,Dark,https://img.pokemondb.net/sprites/scarlet-violet/normal/maschiff.png
0943,Mabosstiff,Dark,https://img.pokemondb.net/sprites/scarlet-violet/normal/mabosstiff.png
0944,Shroodle,"Poison, Normal",https://img.pokemondb.net/sprites/scarlet-violet/normal/shroodle.png
0945,Grafaiai,"Poison, Normal",https://img.pokemondb.net/sprites/scarlet-violet/normal/grafaiai.png
0946,Bramblin,"Grass, Ghost",https://img.pokemondb.net/sprites/scarlet-violet/normal/bramblin.png
0947,Brambleghast,"Grass, Ghost",https://img.pokemondb.net/sprites/scarlet-violet/normal/brambleghast.png
0948,Toedscool,"Ground, Grass",https://img.pokemondb.net/sprites/scarlet-violet/normal/toedscool.png
0949,Toedscruel,"Ground, Grass",https://img.pokemondb.net/sprites/scarlet-violet/normal/toedscruel.png
0950,Klawf,Rock,https://img.pokemondb.net/sprites/scarlet-violet/normal/klawf.png
0951,Capsakid,Grass,https://img.pokemondb.net/sprites/scarlet-violet/normal/capsakid.png
0952,Scovillain,"Grass, Fire",https://img.pokemondb.net/sprites/scarlet-violet/normal/scovillain.png
0953,Rellor,Bug,https://img.pokemondb.net/sprites/scarlet-violet/normal/rellor.png
0954,Rabsca,"Bug, Psychic",https://img.pokemondb.net/sprites/scarlet-violet/normal/rabsca.png
0955,Flittle,Psychic,https://img.pokemondb.net/sprites/scarlet-violet/normal/flittle.png
0956,Espathra,Psychic,https://img.pokemondb.net/sprites/scarlet-violet/normal/espathra.png
0957,Tinkatink,"Fairy, Steel",https://img.pokemondb.net/sprites/scarlet-violet/normal/tinkatink.png
0958,Tinkatuff,"Fairy, Steel",https://img.pokemondb.net/sprites/scarlet-violet/normal/tinkatuff.png
0959,Tinkaton,"Fairy, Steel",https://img.pokemondb.net/sprites/scarlet-violet/normal/tinkaton.png
0960,Wiglett,Water,https://img.pokemondb.net/sprites/scarlet-violet/normal/wiglett.png
0961,Wugtrio,Water,https://img.pokemondb.net/sprites/scarlet-violet/normal/wugtrio.png
0962,Bombirdier,"Flying, Dark",https://img.pokemondb.net/sprites/scarlet-violet/normal/bombirdier.png
0963,Finizen,Water,https://img.pokemondb.net/sprites/scarlet-violet/normal/finizen.png
0964,Palafin,Water,https://img.pokemondb.net/sprites/scarlet-violet/normal/palafin.png
0965,Varoom,"Steel, Poison",https://img.pokemondb.net/sprites/scarlet-violet/normal/varoom.png
0966,Revavroom,"Steel, Poison",https://img.pokemondb.net/sprites/scarlet-violet/normal/revavroom.png
0967,Cyclizar,"Dragon, Normal",https://img.pokemondb.net/sprites/scarlet-violet/normal/cyclizar.png
0968,Orthworm,Steel,https://img.pokemondb.net/sprites/scarlet-violet/normal/orthworm.png
0969,Glimmet,"Rock, Poison",https://img.pokemondb.net/sprites/scarlet-violet/normal/glimmet.png
0970,Glimmora,"Rock, Poison",https://img.pokemondb.net/sprites/scarlet-violet/normal/glimmora.png
0971,Greavard,Ghost,https://img.pokemondb.net/sprites/scarlet-violet/normal/greavard.png
0972,Houndstone,Ghost,https://img.pokemondb.net/sprites/scarlet-violet/normal/houndstone.png
0973,Flamigo,"Flying, Fighting",https://img.pokemondb.net/sprites/scarlet-violet/normal/flamigo.png
0974,Cetoddle,Ice,https://img.pokemondb.net/sprites/scarlet-violet/normal/cetoddle.png
0975,Cetitan,Ice,https://img.pokemondb.net/sprites/scarlet-violet/normal/cetitan.png
0976,Veluza,"Water, Psychic",https://img.pokemondb.net/sprites/scarlet-violet/normal/veluza.png
0977,Dondozo,Water,https://img.pokemondb.net/sprites/scarlet-violet/normal/dondozo.png
0978,Tatsugiri,"Dragon, Water",https://img.pokemondb.net/sprites/scarlet-violet/normal/tatsugiri.png
0979,Annihilape,"Fighting, Ghost",https://img.pokemondb.net/sprites/scarlet-violet/normal/annihilape.png
0980,Clodsire,"Poison, Ground",https://img.pokemondb.net/sprites/scarlet-violet/normal/clodsire.png
0981,Farigiraf,"Normal, Psychic",https://img.pokemondb.net/sprites/scarlet-violet/normal/farigiraf.png
0982,Dudunsparce,Normal,https://img.pokemondb.net/sprites/scarlet-violet/normal/dudunsparce.png
0983,Kingambit,"Dark, Steel",https://img.pokemondb.net/sprites/scarlet-violet/normal/kingambit.png
0984,Great Tusk,"Ground, Fighting",https://img.pokemondb.net/sprites/scarlet-violet/normal/great-tusk.png
0985,Scream Tail,"Fairy, Psychic",https://img.pokemondb.net/sprites/scarlet-violet/normal/scream-tail.png
0986,Brute Bonnet,"Grass, Dark",https://img.pokemondb.net/sprites/scarlet-violet/normal/brute-bonnet.png
0987,Flutter Mane,"Ghost, Fairy",https://img.pokemondb.net/sprites/scarlet-violet/normal/flutter-mane.png
0988,Slither Wing,"Bug, Fighting",https://img.pokemondb.net/sprites/scarlet-violet/normal/slither-wing.png
0989,Sandy Shocks,"Electric, Ground",https://img.pokemondb.net/sprites/scarlet-violet/normal/sandy-shocks.png
0990,Iron Treads,"Ground, Steel",https://img.pokemondb.net/sprites/scarlet-violet/normal/iron-treads.png
0991,Iron Bundle,"Ice, Water",https://img.pokemondb.net/sprites/scarlet-violet/normal/iron-bundle.png
0992,Iron Hands,"Fighting, Electric",https://img.pokemondb.net/sprites/scarlet-violet/normal/iron-hands.png
0993,Iron Jugulis,"Dark, Flying",https://img.pokemondb.net/sprites/scarlet-violet/normal/iron-jugulis.png
0994,Iron Moth,"Fire, Poison",https://img.pokemondb.net/sprites/scarlet-violet/normal/iron-moth.png
0995,Iron Thorns,"Rock, Electric",https://img.pokemondb.net/sprites/scarlet-violet/normal/iron-thorns.png
0996,Frigibax,"Dragon, Ice",https://img.pokemondb.net/sprites/scarlet-violet/normal/frigibax.png
0997,Arctibax,"Dragon, Ice",https://img.pokemondb.net/sprites/scarlet-violet/normal/arctibax.png
0998,Baxcalibur,"Dragon, Ice",https://img.pokemondb.net/sprites/scarlet-violet/normal/baxcalibur.png
0999,Gimmighoul,Ghost,https://img.pokemondb.net/sprites/scarlet-violet/normal/gimmighoul.png
1000,Gholdengo,"Steel, Ghost",https://img.pokemondb.net/sprites/scarlet-violet/normal/gholdengo.png
1001,Wo-Chien,"Dark, Grass",https://img.pokemondb.net/sprites/scarlet-violet/normal/wo-chien.png
1002,Chien-Pao,"Dark, Ice",https://img.pokemondb.net/sprites/scarlet-violet/normal/chien-pao.png
1003,Ting-Lu,"Dark, Ground",https://img.pokemondb.net/sprites/scarlet-violet/normal/ting-lu.png
1004,Chi-Yu,"Dark, Fire",https://img.pokemondb.net/sprites/scarlet-violet/normal/chi-yu.png
1005,Roaring Moon,"Dragon, Dark",https://img.pokemondb.net/sprites/scarlet-violet/normal/roaring-moon.png
1006,Iron Valiant,"Fairy, Fighting",https://img.pokemondb.net/sprites/scarlet-violet/normal/iron-valiant.png
1007,Koraidon,"Fighting, Dragon",https://img.pokemondb.net/sprites/scarlet-violet/normal/koraidon.png
1008,Miraidon,"Electric, Dragon",https://img.pokemondb.net/sprites/scarlet-violet/normal/miraidon.png
1009,Walking Wake,"Water, Dragon",https://img.pokemondb.net/sprites/scarlet-violet/normal/walking-wake.png
1010,Iron Leaves,"Grass, Psychic",https://img.pokemondb.net/sprites/scarlet-violet/normal/iron-leaves.png
1011,Dipplin,"Grass, Dragon",https://img.pokemondb.net/sprites/scarlet-violet/normal/dipplin.png
1012,Poltchageist,"Grass, Ghost",https://img.pokemondb.net/sprites/scarlet-violet/normal/poltchageist.png
1013,Sinistcha,"Grass, Ghost",https://img.pokemondb.net/sprites/scarlet-violet/normal/sinistcha.png
1014,Okidogi,"Poison, Fighting",https://img.pokemondb.net/sprites/scarlet-violet/normal/okidogi.png
1015,Munkidori,"Poison, Psychic",https://img.pokemondb.net/sprites/scarlet-violet/normal/munkidori.png
1016,Fezandipiti,"Poison, Fairy",https://img.pokemondb.net/sprites/scarlet-violet/normal/fezandipiti.png
1017,Ogerpon,Grass,https://img.pokemondb.net/sprites/scarlet-violet/normal/ogerpon.png
1018,Archaludon,"Steel, Dragon",https://img.pokemondb.net/sprites/scarlet-violet/normal/archaludon.png
1019,Hydrapple,"Grass, Dragon",https://img.pokemondb.net/sprites/scarlet-violet/normal/hydrapple.png
1020,Gouging Fire,"Fire, Dragon",https://img.pokemondb.net/sprites/scarlet-violet/normal/gouging-fire.png
1021,Raging Bolt,"Electric, Dragon",https://img.pokemondb.net/sprites/scarlet-violet/normal/raging-bolt.png
1022,Iron Boulder,"Rock, Psychic",https://img.pokemondb.net/sprites/scarlet-violet/normal/iron-boulder.png
1023,Iron Crown,"Steel, Psychic",https://img.pokemondb.net/sprites/scarlet-violet/normal/iron-crown.png
1024,Terapagos,Normal,https://img.pokemondb.net/sprites/scarlet-violet/normal/terapagos.png
1025,Pecharunt,"Poison, Ghost",https://img.pokemondb.net/sprites/scarlet-violet/normal/pecharunt.png
